opportunity_id,lead_id,customer_id,created_date,close_date,product_id,opportunity_stage,pipeline_value_gbp,expected_value_gbp,closed_won_flag,closed_lost_flag,sales_cycle_days,loss_reason
O000001,L000003,CU000003,2024-01-16,2024-03-24,Remote Access,Closed Lost,11859.59,3320.68,0,1,68,Budget
O000002,L000014,CU000014,2024-01-15,2024-02-21,Remote Access,Closed Lost,67741.69,32516.01,0,1,37,Timing
O000003,L000015,CU000015,2024-01-15,2024-04-18,Security Add-on,Closed Lost,17667.68,4946.95,0,1,94,Timing
O000004,L000019,CU000019,2024-01-11,2024-04-28,Remote Support,Closed Lost,17340.7,8323.53,0,1,108,Budget
O000005,L000020,CU000020,2024-01-07,2024-02-05,Security Add-on,Closed Lost,70323.52,19690.58,0,1,29,No decision
O000006,L000028,CU000028,2024-01-11,2024-03-23,Remote Support,Closed Lost,35440.91,9923.45,0,1,72,Budget
O000007,L000036,CU000036,2024-01-12,2024-02-09,Remote Support,Closed Lost,12202.88,4148.98,0,1,28,Timing
O000008,L000042,CU000042,2024-01-21,2024-03-29,Security Add-on,Closed Won,58419.62,16357.49,1,0,68,
O000009,L000044,CU000044,2024-01-15,2024-04-15,Remote Access,Closed Won,4181.73,1421.79,1,0,91,
O000010,L000050,CU000050,2024-01-25,2024-05-08,Remote Access,Closed Lost,74367.33,35696.32,0,1,104,Budget
O000011,L000052,CU000052,2024-01-13,2024-04-07,Remote Access,Closed Lost,9136.28,1827.26,0,1,85,Competitor
O000012,L000053,CU000053,2024-01-24,2024-05-10,Remote Access,Closed Lost,16874.37,5737.29,0,1,107,Budget
O000013,L000056,CU000056,2024-01-21,2024-04-19,Remote Access,Closed Won,12597.19,3527.21,1,0,89,
O000014,L000059,CU000059,2024-01-18,2024-04-01,Security Add-on,Closed Lost,54362.84,15221.6,0,1,74,No decision
O000015,L000064,CU000064,2024-01-19,2024-05-07,Security Add-on,Closed Lost,47948.27,13425.52,0,1,109,Timing
O000016,L000065,CU000065,2024-01-26,2024-03-19,Enterprise Connectivity,Closed Won,12007.49,3362.1,1,0,53,
O000017,L000068,CU000068,2024-01-27,2024-02-27,Remote Access,Closed Lost,13279.69,4515.09,0,1,31,No decision
O000018,L000070,CU000070,2024-01-26,2024-02-23,Enterprise Connectivity,Closed Lost,30690.68,10434.83,0,1,28,No decision
O000019,L000074,CU000074,2024-01-25,2024-04-26,Remote Support,Closed Won,31636.34,15185.44,1,0,92,
O000020,L000075,CU000075,2024-01-17,2024-04-08,Remote Support,Closed Lost,16054.32,4495.21,0,1,82,Timing
O000021,L000080,CU000080,2024-01-29,2024-05-04,Remote Access,Closed Lost,69403.29,19432.92,0,1,96,Budget
O000022,L000082,CU000082,2024-01-25,2024-04-22,Remote Support,Closed Lost,40785.4,8157.08,0,1,88,Timing
O000023,L000083,CU000083,2024-01-28,2024-05-20,Remote Access,Closed Won,49826.7,20927.21,1,0,113,
O000024,L000106,CU000106,2024-02-02,2024-04-02,Remote Support,Closed Lost,11849.86,3317.96,0,1,60,Timing
O000025,L000109,CU000109,2024-01-23,2024-05-05,Remote Access,Closed Lost,13066.05,3658.49,0,1,103,Timing
O000026,L000110,CU000110,2024-01-30,2024-02-21,Enterprise Connectivity,Closed Lost,45766.83,12814.71,0,1,22,No decision
O000027,L000112,CU000112,2024-02-02,2024-03-31,Security Add-on,Closed Lost,6836.17,1914.13,0,1,58,Competitor
O000028,L000125,CU000125,2024-02-07,2024-04-18,Remote Access,Closed Lost,20125.22,5635.06,0,1,71,Budget
O000029,L000127,CU000127,2024-02-10,2024-05-21,Enterprise Connectivity,Closed Lost,45947.67,22054.88,0,1,101,Timing
O000030,L000130,CU000130,2024-02-03,2024-03-16,Security Add-on,Closed Lost,27457.9,5491.58,0,1,42,Budget
O000031,L000137,CU000137,2024-02-07,2024-03-26,Enterprise Connectivity,Closed Lost,16295.4,4562.71,0,1,48,Competitor
O000032,L000150,CU000150,2024-02-12,2024-03-31,Enterprise Connectivity,Closed Won,3691.96,1033.75,1,0,48,
O000033,L000156,CU000156,2024-02-08,2024-04-03,Remote Support,Closed Lost,24800.21,8432.07,0,1,55,Competitor
O000034,L000157,CU000157,2024-02-07,2024-04-01,Remote Support,Closed Lost,14234.25,3985.59,0,1,54,No decision
O000035,L000164,CU000164,2024-02-14,2024-03-18,Remote Access,Closed Won,96687.3,27072.44,1,0,33,
O000036,L000168,CU000168,2024-02-08,2024-03-06,Remote Access,Closed Lost,37708.46,10558.37,0,1,27,Budget
O000037,L000177,CU000177,2024-02-16,2024-05-27,Remote Support,Closed Lost,43440.51,12163.34,0,1,101,Timing
O000038,L000180,CU000180,2024-02-07,2024-05-16,Security Add-on,Closed Lost,13873.99,4717.16,0,1,99,Competitor
O000039,L000182,CU000182,2024-02-08,2024-05-14,Remote Access,Closed Lost,79005.69,22121.59,0,1,96,Competitor
O000040,L000184,CU000184,2024-02-19,2024-05-21,Enterprise Connectivity,Closed Won,63128.61,30301.73,1,0,92,
O000041,L000185,CU000185,2024-02-14,2024-04-01,Remote Access,Closed Lost,18353.6,5139.01,0,1,47,Budget
O000042,L000188,CU000188,2024-02-18,2024-06-05,Security Add-on,Closed Won,6998.88,1959.69,1,0,108,
O000043,L000190,CU000190,2024-02-16,2024-03-18,Enterprise Connectivity,Closed Won,5769.73,1615.52,1,0,31,
O000044,L000191,CU000191,2024-02-19,2024-03-17,Security Add-on,Closed Lost,85556.58,41067.16,0,1,27,Competitor
O000045,L000192,CU000192,2024-02-10,2024-04-08,Enterprise Connectivity,Closed Lost,23831.94,11439.33,0,1,58,Competitor
O000046,L000199,CU000199,2024-02-22,2024-03-21,Remote Support,Closed Lost,9721.85,2722.12,0,1,28,Timing
O000047,L000205,CU000205,2024-02-09,2024-03-08,Remote Support,Closed Won,44662.66,12505.54,1,0,28,
O000048,L000210,CU000210,2024-02-23,2024-03-17,Enterprise Connectivity,Closed Lost,8565.7,2912.34,0,1,23,Timing
O000049,L000219,CU000219,2024-02-15,2024-05-23,Security Add-on,Closed Lost,7232.72,2025.16,0,1,98,Budget
O000050,L000228,CU000228,2024-02-16,2024-04-17,Enterprise Connectivity,Closed Won,8013.49,2243.78,1,0,61,
O000051,L000230,CU000230,2024-02-24,2024-06-17,Remote Access,Closed Lost,32740.68,9167.39,0,1,114,Budget
O000052,L000231,CU000231,2024-02-16,2024-06-13,Remote Access,Closed Won,5261.85,1473.32,1,0,118,
O000053,L000238,CU000238,2024-02-20,2024-03-19,Remote Access,Closed Lost,8266.72,2314.68,0,1,28,No decision
O000054,L000241,CU000241,2024-02-17,2024-05-22,Remote Support,Closed Lost,40304.85,13703.65,0,1,95,Timing
O000055,L000245,CU000245,2024-02-28,2024-06-08,Remote Support,Closed Lost,7382.96,2067.23,0,1,101,Budget
O000056,L000251,CU000251,2024-02-22,2024-04-23,Enterprise Connectivity,Closed Won,7561.63,2117.26,1,0,61,
O000057,L000256,CU000256,2024-02-24,2024-03-31,Remote Support,Closed Lost,4169.98,1167.6,0,1,36,No decision
O000058,L000257,CU000257,2024-02-26,2024-03-25,Remote Support,Closed Won,13141.93,3679.74,1,0,28,
O000059,L000263,CU000263,2024-02-25,2024-06-07,Enterprise Connectivity,Closed Lost,4107.83,1150.19,0,1,103,Budget
O000060,L000276,CU000276,2024-02-24,2024-04-04,Remote Access,Closed Lost,6259.94,1752.78,0,1,40,Timing
O000061,L000287,CU000287,2024-03-05,2024-05-07,Security Add-on,Closed Won,25757.43,7212.08,1,0,63,
O000062,L000289,CU000289,2024-03-03,2024-06-01,Enterprise Connectivity,Closed Lost,30374.74,8504.93,0,1,90,Timing
O000063,L000290,CU000290,2024-02-27,2024-06-16,Security Add-on,Closed Won,25993.84,7278.27,1,0,110,
O000064,L000292,CU000292,2024-02-28,2024-04-20,Remote Access,Closed Won,17858.76,5000.45,1,0,52,
O000065,L000296,CU000296,2024-03-02,2024-05-04,Security Add-on,Closed Lost,16295.83,3259.17,0,1,63,Competitor
O000066,L000299,CU000299,2024-03-04,2024-06-05,Remote Access,Closed Won,24055.37,6735.5,1,0,93,
O000067,L000307,CU000307,2024-03-09,2024-04-18,Enterprise Connectivity,Closed Won,5892.38,2474.8,1,0,40,
O000068,L000312,CU000312,2024-03-05,2024-04-24,Remote Support,Closed Won,12887.21,4381.65,1,0,50,
O000069,L000313,CU000313,2024-03-09,2024-05-23,Remote Access,Closed Lost,29143.61,8160.21,0,1,75,Competitor
O000070,L000316,CU000316,2024-02-29,2024-05-28,Remote Support,Closed Won,14067.41,3938.87,1,0,89,
O000071,L000319,CU000319,2024-03-10,2024-05-25,Remote Support,Closed Won,5236.79,1466.3,1,0,76,
O000072,L000320,CU000320,2024-02-29,2024-05-13,Security Add-on,Closed Lost,37124.29,10394.8,0,1,74,No decision
O000073,L000328,CU000328,2024-03-12,2024-05-15,Enterprise Connectivity,Closed Lost,31351.03,10659.35,0,1,64,Competitor
O000074,L000333,CU000333,2024-03-06,2024-04-20,Enterprise Connectivity,Closed Lost,10610.26,2122.05,0,1,45,Competitor
O000075,L000338,CU000338,2024-03-12,2024-04-07,Enterprise Connectivity,Closed Won,28180.49,7890.54,1,0,26,
O000076,L000352,CU000352,2024-03-14,2024-04-22,Remote Access,Closed Won,18305.29,5125.48,1,0,39,
O000077,L000354,CU000354,2024-03-15,2024-05-07,Remote Support,Closed Won,67289.55,18841.07,1,0,53,
O000078,L000355,CU000355,2024-03-07,2024-06-01,Remote Support,Closed Won,10073.07,2820.46,1,0,86,
O000079,L000356,CU000356,2024-03-11,2024-07-05,Remote Support,Closed Won,25875.69,7245.19,1,0,116,
O000080,L000360,CU000360,2024-03-13,2024-04-04,Remote Support,Closed Lost,35494.05,12067.98,0,1,22,Timing
O000081,L000369,CU000369,2024-03-17,2024-04-28,Enterprise Connectivity,Closed Won,9491.43,3227.08,1,0,42,
O000082,L000370,CU000370,2024-03-14,2024-06-24,Enterprise Connectivity,Closed Lost,10763.59,3013.81,0,1,102,Budget
O000083,L000371,CU000371,2024-03-11,2024-06-22,Enterprise Connectivity,Closed Won,4149.92,1991.96,1,0,103,
O000084,L000376,CU000376,2024-03-08,2024-05-26,Security Add-on,Closed Lost,14480.74,2896.15,0,1,79,Competitor
O000085,L000378,CU000378,2024-03-09,2024-04-28,Remote Support,Closed Lost,14978.22,2995.64,0,1,50,No decision
O000086,L000383,CU000383,2024-03-15,2024-06-27,Remote Support,Closed Lost,62323.06,17450.46,0,1,104,Competitor
O000087,L000393,CU000393,2024-03-15,2024-05-15,Security Add-on,Closed Lost,12633.74,3537.45,0,1,61,No decision
O000088,L000395,CU000395,2024-03-17,2024-06-24,Remote Support,Closed Lost,52595.52,17882.48,0,1,99,No decision
O000089,L000397,CU000397,2024-03-23,2024-05-25,Remote Access,Closed Won,4079.27,1142.2,1,0,63,
O000090,L000402,CU000402,2024-03-17,2024-05-02,Remote Access,Closed Lost,5469.8,1859.73,0,1,46,Competitor
O000091,L000403,CU000403,2024-03-19,2024-06-06,Remote Support,Closed Won,37028.11,12589.56,1,0,79,
O000092,L000408,CU000408,2024-03-14,2024-07-10,Enterprise Connectivity,Closed Lost,71021.84,19886.11,0,1,118,Timing
O000093,L000412,CU000412,2024-03-14,2024-06-24,Security Add-on,Closed Lost,7834.87,2663.86,0,1,102,No decision
O000094,L000416,CU000416,2024-03-22,2024-07-04,Remote Access,Closed Lost,10369.66,2903.51,0,1,104,Timing
O000095,L000424,CU000424,2024-03-24,2024-05-16,Remote Access,Closed Lost,66164.57,31758.99,0,1,53,No decision
O000096,L000428,CU000428,2024-03-17,2024-06-14,Enterprise Connectivity,Closed Lost,46611.23,13051.15,0,1,89,Competitor
O000097,L000434,CU000434,2024-03-25,2024-04-30,Remote Support,Closed Lost,26339.97,8955.59,0,1,36,Competitor
O000098,L000435,CU000435,2024-03-26,2024-05-02,Enterprise Connectivity,Closed Won,59923.14,16778.48,1,0,37,
O000099,L000436,CU000436,2024-03-19,2024-05-05,Remote Support,Closed Lost,24671.03,6907.89,0,1,47,Budget
O000100,L000444,CU000444,2024-04-01,2024-07-03,Remote Access,Closed Won,4865.99,1654.44,1,0,93,
O000101,L000446,CU000446,2024-03-28,2024-05-01,Remote Support,Closed Won,17178.53,4809.99,1,0,34,
O000102,L000448,CU000448,2024-03-22,2024-05-14,Remote Access,Closed Lost,35839.24,10034.99,0,1,53,Timing
O000103,L000457,CU000457,2024-03-24,2024-06-17,Remote Support,Closed Won,50418.42,17142.26,1,0,85,
O000104,L000459,CU000459,2024-03-28,2024-05-19,Remote Support,Closed Lost,7733.84,2165.47,0,1,52,No decision
O000105,L000472,CU000472,2024-03-28,2024-05-12,Remote Access,Closed Won,105116.55,29432.63,1,0,45,
O000106,L000475,CU000475,2024-03-27,2024-07-12,Enterprise Connectivity,Closed Lost,6364.24,1781.99,0,1,107,No decision
O000107,L000482,CU000482,2024-03-29,2024-05-30,Security Add-on,Closed Won,60804.32,17025.21,1,0,62,
O000108,L000483,CU000483,2024-03-31,2024-06-19,Enterprise Connectivity,Closed Lost,40029.05,13609.88,0,1,80,Budget
O000109,L000485,CU000485,2024-04-05,2024-06-18,Remote Support,Closed Lost,16712.93,4679.62,0,1,74,Budget
O000110,L000493,CU000493,2024-03-31,2024-05-20,Remote Access,Closed Won,5314.89,1488.17,1,0,50,
O000111,L000496,CU000496,2024-04-05,2024-07-13,Remote Access,Closed Lost,39001.67,10920.47,0,1,99,No decision
O000112,L000498,CU000498,2024-04-05,2024-06-19,Remote Support,Closed Lost,35677.28,12130.28,0,1,75,Budget
O000113,L000500,CU000500,2024-03-31,2024-07-12,Remote Access,Closed Lost,9938.16,3378.97,0,1,103,No decision
O000114,L000501,CU000501,2024-04-04,2024-04-26,Remote Access,Closed Won,23656.47,6623.81,1,0,22,
O000115,L000506,CU000506,2024-04-07,2024-06-20,Security Add-on,Closed Won,24404.31,8297.46,1,0,74,
O000116,L000508,CU000508,2024-04-06,2024-06-29,Remote Access,Closed Lost,15742.24,4407.83,0,1,84,Timing
O000117,L000514,CU000514,2024-04-15,2024-05-28,Security Add-on,Closed Won,25724.57,7202.88,1,0,43,
O000118,L000515,CU000515,2024-04-11,2024-07-27,Remote Support,Closed Lost,83925.56,40284.27,0,1,107,No decision
O000119,L000518,CU000518,2024-04-14,2024-06-13,Remote Support,Closed Lost,46296.78,12963.1,0,1,60,Timing
O000120,L000537,CU000537,2024-04-07,2024-05-14,Security Add-on,Closed Lost,34025.11,11568.54,0,1,37,Timing
O000121,L000538,CU000538,2024-04-07,2024-06-02,Remote Support,Closed Lost,4571.48,914.3,0,1,56,Competitor
O000122,L000543,CU000543,2024-04-12,2024-05-15,Remote Support,Closed Lost,71252.17,19950.61,0,1,33,No decision
O000123,L000561,CU000561,2024-04-17,2024-06-04,Enterprise Connectivity,Closed Won,6134.91,1717.78,1,0,48,
O000124,L000574,CU000574,2024-04-25,2024-06-19,Remote Access,Closed Lost,85666.09,23986.5,0,1,55,Competitor
O000125,L000580,CU000580,2024-04-17,2024-08-07,Security Add-on,Closed Lost,15800.39,7584.19,0,1,112,Budget
O000126,L000600,CU000600,2024-04-20,2024-08-07,Remote Support,Closed Won,7272.97,2472.81,1,0,109,
O000127,L000601,CU000601,2024-04-23,2024-06-29,Remote Access,Closed Lost,21944.24,6144.39,0,1,67,Timing
O000128,L000603,CU000603,2024-04-22,2024-05-18,Remote Support,Closed Lost,60778.28,17017.92,0,1,26,No decision
O000129,L000604,CU000604,2024-05-01,2024-05-28,Remote Access,Closed Lost,90461.14,43421.35,0,1,27,No decision
O000130,L000607,CU000607,2024-04-21,2024-06-29,Security Add-on,Closed Lost,26492.28,7417.84,0,1,69,Competitor
O000131,L000613,CU000613,2024-05-01,2024-08-12,Security Add-on,Closed Lost,14886.32,5061.35,0,1,103,Competitor
O000132,L000640,CU000640,2024-05-03,2024-07-13,Remote Access,Closed Lost,71476.27,20013.36,0,1,71,Budget
O000133,L000649,CU000649,2024-05-01,2024-07-04,Enterprise Connectivity,Closed Lost,66950.52,32136.25,0,1,64,No decision
O000134,L000651,CU000651,2024-05-05,2024-05-30,Remote Access,Closed Won,28824.13,8070.76,1,0,25,
O000135,L000656,CU000656,2024-05-09,2024-06-12,Enterprise Connectivity,Closed Lost,8330.47,2332.53,0,1,34,Timing
O000136,L000672,CU000672,2024-05-17,2024-08-12,Remote Support,Closed Won,15479.49,4334.26,1,0,87,
O000137,L000677,CU000677,2024-05-08,2024-06-30,Remote Support,Closed Lost,7810.75,1562.15,0,1,53,Budget
O000138,L000678,CU000678,2024-05-12,2024-07-17,Remote Support,Closed Lost,10057.35,2816.06,0,1,66,Timing
O000139,L000684,CU000684,2024-05-20,2024-07-04,Remote Access,Closed Won,39022.45,13267.63,1,0,45,
O000140,L000687,CU000687,2024-05-14,2024-06-29,Enterprise Connectivity,Closed Won,27434.91,9327.87,1,0,46,
O000141,L000688,CU000688,2024-05-10,2024-08-08,Security Add-on,Closed Lost,27008.22,7562.3,0,1,90,No decision
O000142,L000689,CU000689,2024-05-21,2024-07-13,Enterprise Connectivity,Closed Lost,57299.53,16043.87,0,1,53,Budget
O000143,L000692,CU000692,2024-05-17,2024-06-26,Security Add-on,Closed Lost,11980.53,3354.55,0,1,40,No decision
O000144,L000702,CU000702,2024-05-18,2024-09-13,Enterprise Connectivity,Closed Won,98063.32,27457.73,1,0,118,
O000145,L000704,CU000704,2024-05-12,2024-06-14,Remote Access,Closed Lost,32245.21,9028.66,0,1,33,No decision
O000146,L000710,CU000710,2024-05-17,2024-07-17,Enterprise Connectivity,Closed Won,14419.93,6921.57,1,0,61,
O000147,L000711,CU000711,2024-05-22,2024-08-30,Enterprise Connectivity,Closed Won,64164.16,21815.81,1,0,100,
O000148,L000713,CU000713,2024-05-27,2024-07-31,Enterprise Connectivity,Closed Lost,4164.45,1415.91,0,1,65,Competitor
O000149,L000714,CU000714,2024-05-25,2024-09-06,Enterprise Connectivity,Closed Lost,24354.7,11690.25,0,1,104,Competitor
O000150,L000717,CU000717,2024-05-26,2024-08-21,Remote Support,Closed Lost,56808.86,15906.48,0,1,87,Timing
O000151,L000720,CU000720,2024-05-28,2024-06-23,Remote Access,Closed Lost,31638.14,8858.68,0,1,26,No decision
O000152,L000728,CU000728,2024-05-20,2024-08-15,Enterprise Connectivity,Closed Lost,4906.09,1373.71,0,1,87,Budget
O000153,L000730,CU000730,2024-05-22,2024-09-05,Remote Access,Closed Won,18142.6,5079.93,1,0,106,
O000154,L000731,CU000731,2024-05-25,2024-08-05,Remote Support,Closed Won,9956.1,2787.71,1,0,72,
O000155,L000736,CU000736,2024-05-24,2024-06-16,Security Add-on,Closed Lost,4175.39,835.08,0,1,23,Competitor
O000156,L000748,CU000748,2024-05-25,2024-07-13,Enterprise Connectivity,Closed Won,20152.52,5642.7,1,0,49,
O000157,L000759,CU000759,2024-05-25,2024-07-04,Remote Access,Closed Lost,24460.98,6849.07,0,1,40,Budget
O000158,L000762,CU000762,2024-06-05,2024-09-23,Security Add-on,Closed Lost,27578.6,7722.01,0,1,110,No decision
O000159,L000772,CU000772,2024-05-29,2024-08-28,Security Add-on,Closed Lost,13826.24,3871.35,0,1,91,Competitor
O000160,L000773,CU000773,2024-05-27,2024-07-14,Remote Access,Closed Lost,13071.62,4444.35,0,1,48,Budget
O000161,L000778,CU000778,2024-05-30,2024-09-26,Enterprise Connectivity,Closed Lost,22546.44,6313.0,0,1,119,Timing
O000162,L000779,CU000779,2024-05-27,2024-06-26,Security Add-on,Closed Won,5012.83,1403.59,1,0,30,
O000163,L000780,CU000780,2024-06-07,2024-07-08,Security Add-on,Closed Lost,34651.78,9702.5,0,1,31,Competitor
O000164,L000792,CU000792,2024-06-07,2024-07-26,Security Add-on,Closed Won,19900.22,9552.11,1,0,49,
O000165,L000793,CU000793,2024-06-05,2024-08-25,Security Add-on,Closed Lost,6687.49,1872.5,0,1,81,Timing
O000166,L000799,CU000799,2024-06-05,2024-07-15,Enterprise Connectivity,Closed Lost,19980.96,5594.67,0,1,40,Budget
O000167,L000803,CU000803,2024-06-09,2024-09-12,Security Add-on,Closed Lost,108723.6,30442.61,0,1,95,Budget
O000168,L000805,CU000805,2024-06-04,2024-08-14,Remote Access,Closed Lost,5247.46,1469.29,0,1,71,No decision
O000169,L000810,CU000810,2024-06-03,2024-08-02,Security Add-on,Closed Lost,46449.01,13005.72,0,1,60,Budget
O000170,L000812,CU000812,2024-06-05,2024-09-01,Remote Access,Closed Lost,11175.2,3129.05,0,1,88,Budget
O000171,L000817,CU000817,2024-06-03,2024-08-15,Security Add-on,Closed Won,12010.93,5765.25,1,0,73,
O000172,L000820,CU000820,2024-06-15,2024-09-26,Remote Support,Closed Lost,23772.85,6656.4,0,1,103,Timing
O000173,L000821,CU000821,2024-06-15,2024-07-19,Remote Access,Closed Lost,38056.68,10655.87,0,1,34,Competitor
O000174,L000823,CU000823,2024-06-11,2024-08-03,Remote Access,Closed Lost,45683.45,21928.06,0,1,53,Competitor
O000175,L000825,CU000825,2024-06-14,2024-08-19,Security Add-on,Closed Won,16797.84,4703.39,1,0,66,
O000176,L000828,CU000828,2024-06-14,2024-07-28,Enterprise Connectivity,Closed Lost,8944.09,2504.34,0,1,44,Budget
O000177,L000829,CU000829,2024-06-04,2024-08-30,Remote Access,Closed Won,3752.96,750.59,1,0,87,
O000178,L000831,CU000831,2024-06-08,2024-08-28,Remote Access,Closed Lost,11751.56,3290.44,0,1,81,Competitor
O000179,L000853,CU000853,2024-06-19,2024-07-16,Enterprise Connectivity,Closed Lost,23961.53,6709.23,0,1,27,Budget
O000180,L000854,CU000854,2024-06-18,2024-08-25,Remote Access,Closed Lost,22901.6,6412.45,0,1,68,Budget
O000181,L000859,CU000859,2024-06-16,2024-09-11,Enterprise Connectivity,Closed Won,8480.06,2374.42,1,0,87,
O000182,L000866,CU000866,2024-06-16,2024-07-26,Remote Access,Closed Won,15736.62,5350.45,1,0,40,
O000183,L000868,CU000868,2024-06-10,2024-08-14,Enterprise Connectivity,Closed Lost,7772.41,2176.27,0,1,65,Budget
O000184,L000886,CU000886,2024-06-27,2024-07-22,Remote Access,Closed Lost,70859.99,19840.8,0,1,25,Timing
O000185,L000890,CU000890,2024-06-20,2024-10-15,Remote Support,Closed Lost,40033.19,11209.29,0,1,117,Timing
O000186,L000897,CU000897,2024-06-20,2024-10-10,Enterprise Connectivity,Closed Won,11474.88,3901.46,1,0,112,
O000187,L000907,CU000907,2024-06-17,2024-09-22,Remote Access,Closed Lost,5902.95,1652.83,0,1,97,Timing
O000188,L000914,CU000914,2024-06-25,2024-08-10,Remote Access,Closed Lost,94631.72,26496.88,0,1,46,Timing
O000189,L000916,CU000916,2024-06-29,2024-09-20,Remote Support,Closed Lost,12167.35,3406.86,0,1,83,Timing
O000190,L000920,CU000920,2024-07-02,2024-10-03,Remote Access,Closed Lost,5989.46,1677.05,0,1,93,No decision
O000191,L000922,CU000922,2024-07-01,2024-07-30,Remote Access,Closed Won,3828.06,1301.54,1,0,29,
O000192,L000924,CU000924,2024-06-30,2024-08-06,Enterprise Connectivity,Closed Lost,27039.48,7571.05,0,1,37,No decision
O000193,L000934,CU000934,2024-06-23,2024-08-22,Security Add-on,Closed Lost,86579.51,24242.26,0,1,60,No decision
O000194,L000950,CU000950,2024-06-26,2024-08-05,Remote Access,Closed Lost,4281.08,1198.7,0,1,40,Budget
O000195,L000951,CU000951,2024-06-22,2024-07-25,Remote Access,Closed Won,8500.83,2380.23,1,0,33,
O000196,L000958,CU000958,2024-06-24,2024-07-21,Enterprise Connectivity,Closed Lost,25938.29,12450.38,0,1,27,Timing
O000197,L000965,CU000965,2024-07-07,2024-08-10,Security Add-on,Closed Lost,34000.2,14280.08,0,1,34,Budget
O000198,L000972,CU000972,2024-07-03,2024-10-26,Remote Support,Closed Lost,13077.56,4446.37,0,1,115,No decision
O000199,L000974,CU000974,2024-06-30,2024-09-17,Remote Support,Closed Won,6960.47,1948.93,1,0,79,
O000200,L000975,CU000975,2024-07-10,2024-10-01,Security Add-on,Closed Lost,11304.88,3165.37,0,1,83,Timing
O000201,L000980,CU000980,2024-07-06,2024-07-30,Remote Support,Closed Lost,19344.53,5416.47,0,1,24,No decision
O000202,L000984,CU000984,2024-06-29,2024-10-23,Remote Access,Closed Lost,11873.32,3324.53,0,1,116,Budget
O000203,L000993,CU000993,2024-07-12,2024-10-27,Enterprise Connectivity,Closed Won,19676.97,5509.55,1,0,107,
O000204,L000995,CU000995,2024-07-08,2024-10-08,Enterprise Connectivity,Closed Lost,44652.17,21433.04,0,1,92,No decision
O000205,L001002,CU001002,2024-07-05,2024-08-28,Security Add-on,Closed Lost,28064.47,9541.92,0,1,54,Budget
O000206,L001014,CU001014,2024-07-11,2024-08-14,Remote Access,Closed Lost,34407.14,9634.0,0,1,34,No decision
O000207,L001016,CU001016,2024-07-11,2024-09-23,Remote Access,Closed Lost,69488.18,29185.03,0,1,74,No decision
O000208,L001029,CU001029,2024-07-19,2024-10-07,Security Add-on,Closed Lost,36052.95,17305.42,0,1,80,No decision
O000209,L001031,CU001031,2024-07-06,2024-08-03,Remote Support,Closed Lost,23858.03,6680.25,0,1,28,No decision
O000210,L001033,CU001033,2024-07-17,2024-10-16,Security Add-on,Closed Lost,15014.96,5105.09,0,1,91,Timing
O000211,L001034,CU001034,2024-07-15,2024-09-08,Enterprise Connectivity,Closed Won,6638.12,1858.67,1,0,55,
O000212,L001044,CU001044,2024-07-19,2024-09-23,Remote Support,Closed Won,6149.16,1721.76,1,0,66,
O000213,L001045,CU001045,2024-07-16,2024-09-18,Remote Support,Closed Won,18656.48,6343.2,1,0,64,
O000214,L001046,CU001046,2024-07-16,2024-09-12,Enterprise Connectivity,Closed Won,68213.04,19099.65,1,0,58,
O000215,L001051,CU001051,2024-07-21,2024-10-31,Remote Access,Closed Lost,11336.49,3174.22,0,1,102,Timing
O000216,L001060,CU001060,2024-07-19,2024-09-03,Remote Access,Closed Lost,11232.64,3145.14,0,1,46,Timing
O000217,L001071,CU001071,2024-07-14,2024-11-02,Remote Access,Closed Won,3288.94,920.9,1,0,111,
O000218,L001080,CU001080,2024-07-30,2024-10-24,Remote Support,Closed Won,5446.51,1525.02,1,0,86,
O000219,L001087,CU001087,2024-07-29,2024-08-28,Remote Access,Closed Won,110219.64,52905.43,1,0,30,
O000220,L001092,CU001092,2024-07-27,2024-11-10,Enterprise Connectivity,Closed Lost,76753.06,36841.47,0,1,106,Budget
O000221,L001094,CU001094,2024-07-23,2024-09-01,Enterprise Connectivity,Closed Lost,4151.0,1411.34,0,1,40,Budget
O000222,L001096,CU001096,2024-07-20,2024-08-18,Enterprise Connectivity,Closed Won,11138.77,3118.86,1,0,29,
O000223,L001099,CU001099,2024-08-02,2024-09-12,Remote Support,Closed Lost,89478.37,25053.94,0,1,41,Budget
O000224,L001122,CU001122,2024-07-27,2024-08-23,Security Add-on,Closed Won,75390.12,25632.64,1,0,27,
O000225,L001123,CU001123,2024-07-29,2024-10-05,Enterprise Connectivity,Closed Lost,4284.32,1199.61,0,1,68,Competitor
O000226,L001127,CU001127,2024-08-02,2024-10-30,Security Add-on,Closed Won,14518.44,6097.75,1,0,89,
O000227,L001130,CU001130,2024-08-07,2024-11-30,Enterprise Connectivity,Closed Lost,10585.39,2963.91,0,1,115,Budget
O000228,L001145,CU001145,2024-07-27,2024-09-19,Remote Access,Closed Lost,5115.35,1432.3,0,1,54,No decision
O000229,L001154,CU001154,2024-08-02,2024-11-10,Remote Access,Closed Lost,17363.66,4861.83,0,1,100,No decision
O000230,L001182,CU001182,2024-08-06,2024-11-05,Remote Support,Closed Lost,52298.84,25103.44,0,1,91,No decision
O000231,L001190,CU001190,2024-08-12,2024-09-23,Remote Support,Closed Won,27061.32,9200.85,1,0,42,
O000232,L001191,CU001191,2024-08-11,2024-10-15,Enterprise Connectivity,Closed Won,67800.68,18984.19,1,0,65,
O000233,L001192,CU001192,2024-08-08,2024-10-21,Remote Access,Closed Lost,55663.94,15585.9,0,1,74,Competitor
O000234,L001201,CU001201,2024-08-20,2024-10-23,Enterprise Connectivity,Closed Lost,26932.48,9157.04,0,1,64,No decision
O000235,L001211,CU001211,2024-08-22,2024-11-11,Remote Support,Closed Lost,8247.48,2309.29,0,1,81,Timing
O000236,L001212,CU001212,2024-08-10,2024-10-30,Enterprise Connectivity,Closed Won,14110.1,3950.83,1,0,81,
O000237,L001215,CU001215,2024-08-16,2024-11-08,Remote Access,Closed Lost,43563.55,12197.79,0,1,84,Competitor
O000238,L001217,CU001217,2024-08-21,2024-09-28,Enterprise Connectivity,Closed Lost,38033.57,18256.11,0,1,38,Timing
O000239,L001236,CU001236,2024-08-19,2024-11-27,Remote Access,Closed Lost,64545.71,18072.8,0,1,100,No decision
O000240,L001242,CU001242,2024-08-16,2024-10-12,Remote Support,Closed Lost,4867.39,1362.87,0,1,57,Competitor
O000241,L001243,CU001243,2024-08-18,2024-09-09,Enterprise Connectivity,Closed Lost,11189.03,3132.93,0,1,22,No decision
O000242,L001245,CU001245,2024-08-22,2024-10-05,Remote Support,Closed Lost,11822.7,3310.36,0,1,44,Budget
O000243,L001268,CU001268,2024-08-23,2024-11-14,Remote Support,Closed Lost,7184.08,2011.54,0,1,83,Timing
O000244,L001272,CU001272,2024-09-01,2024-12-01,Remote Support,Closed Lost,38234.17,16058.35,0,1,91,Budget
O000245,L001276,CU001276,2024-09-02,2024-09-27,Remote Support,Closed Lost,93999.02,26319.73,0,1,25,Timing
O000246,L001287,CU001287,2024-09-04,2024-11-01,Remote Support,Closed Lost,75044.99,31518.9,0,1,58,Competitor
O000247,L001292,CU001292,2024-08-26,2024-12-22,Remote Access,Closed Won,44905.1,12573.43,1,0,118,
O000248,L001293,CU001293,2024-08-25,2024-10-17,Remote Access,Closed Won,44315.21,18612.39,1,0,53,
O000249,L001295,CU001295,2024-09-02,2024-11-05,Remote Access,Closed Lost,69784.62,19539.69,0,1,64,Budget
O000250,L001297,CU001297,2024-09-04,2024-10-14,Remote Access,Closed Lost,130218.35,62504.81,0,1,40,Timing
O000251,L001306,CU001306,2024-09-02,2024-10-20,Enterprise Connectivity,Closed Lost,8975.92,3051.81,0,1,48,Budget
O000252,L001311,CU001311,2024-08-28,2024-09-29,Remote Access,Closed Won,14729.03,4124.13,1,0,32,
O000253,L001313,CU001313,2024-08-27,2024-12-15,Remote Access,Closed Lost,32313.91,13571.84,0,1,110,Timing
O000254,L001314,CU001314,2024-08-30,2024-10-26,Security Add-on,Closed Lost,12168.91,3407.29,0,1,57,Budget
O000255,L001322,CU001322,2024-09-06,2024-12-19,Remote Access,Closed Lost,80538.71,27383.16,0,1,104,Timing
O000256,L001333,CU001333,2024-09-05,2024-11-18,Security Add-on,Closed Lost,10537.54,2950.51,0,1,74,Budget
O000257,L001353,CU001353,2024-09-12,2024-10-02,Security Add-on,Closed Won,32516.35,9104.58,1,0,20,
O000258,L001366,CU001366,2024-09-09,2025-01-02,Remote Support,Closed Lost,77734.73,26429.81,0,1,115,Budget
O000259,L001370,CU001370,2024-09-12,2024-12-10,Security Add-on,Closed Lost,4685.18,1311.85,0,1,89,No decision
O000260,L001375,CU001375,2024-09-16,2024-10-31,Security Add-on,Closed Won,9874.98,1975.0,1,0,45,
O000261,L001384,CU001384,2024-09-23,2024-10-29,Enterprise Connectivity,Closed Lost,33749.13,11474.7,0,1,36,Budget
O000262,L001386,CU001386,2024-09-15,2024-10-19,Enterprise Connectivity,Closed Lost,39298.39,11003.55,0,1,34,Timing
O000263,L001388,CU001388,2024-09-14,2024-12-19,Remote Support,Closed Lost,24296.18,8260.7,0,1,96,Timing
O000264,L001392,CU001392,2024-09-14,2024-12-31,Remote Support,Closed Won,47586.91,13324.33,1,0,108,
O000265,L001398,CU001398,2024-09-22,2024-11-24,Remote Access,Closed Lost,30846.72,8637.08,0,1,63,Budget
O000266,L001399,CU001399,2024-09-14,2024-10-31,Security Add-on,Closed Lost,33794.19,11490.03,0,1,47,Budget
O000267,L001402,CU001402,2024-09-13,2024-10-08,Security Add-on,Closed Won,51671.92,14468.14,1,0,25,
O000268,L001405,CU001405,2024-09-19,2024-11-03,Remote Access,Closed Lost,11161.38,2232.28,0,1,45,No decision
O000269,L001407,CU001407,2024-09-23,2024-12-25,Enterprise Connectivity,Closed Lost,4478.82,895.76,0,1,93,Timing
O000270,L001410,CU001410,2024-09-14,2024-12-06,Enterprise Connectivity,Closed Lost,18028.91,5048.09,0,1,83,Timing
O000271,L001412,CU001412,2024-09-22,2024-11-23,Remote Access,Closed Lost,36831.37,12522.67,0,1,62,No decision
O000272,L001413,CU001413,2024-09-24,2024-10-28,Security Add-on,Closed Lost,62726.21,17563.34,0,1,34,Competitor
O000273,L001425,CU001425,2024-09-27,2024-11-19,Security Add-on,Closed Won,3227.59,903.73,1,0,53,
O000274,L001429,CU001429,2024-09-20,2025-01-10,Enterprise Connectivity,Closed Lost,5852.3,1170.46,0,1,112,Budget
O000275,L001435,CU001435,2024-09-28,2025-01-22,Security Add-on,Closed Lost,36664.23,12465.84,0,1,116,Budget
O000276,L001452,CU001452,2024-09-30,2024-12-29,Remote Access,Closed Lost,54486.91,15256.33,0,1,90,Timing
O000277,L001461,CU001461,2024-09-28,2024-12-28,Enterprise Connectivity,Closed Lost,52530.56,17860.39,0,1,91,No decision
O000278,L001462,CU001462,2024-09-30,2024-11-09,Security Add-on,Closed Lost,22908.62,6414.41,0,1,40,Competitor
O000279,L001470,CU001470,2024-09-24,2024-11-11,Enterprise Connectivity,Closed Lost,43195.76,12094.81,0,1,48,Timing
O000280,L001473,CU001473,2024-09-30,2024-12-20,Remote Support,Closed Lost,5527.89,1547.81,0,1,81,Competitor
O000281,L001476,CU001476,2024-10-04,2024-12-03,Security Add-on,Closed Lost,6360.46,2162.56,0,1,60,Competitor
O000282,L001480,CU001480,2024-09-27,2024-11-17,Remote Access,Closed Won,29482.0,8254.96,1,0,51,
O000283,L001481,CU001481,2024-09-26,2024-12-26,Remote Access,Closed Lost,7132.1,1996.99,0,1,91,No decision
O000284,L001483,CU001483,2024-10-01,2024-12-25,Security Add-on,Closed Won,61824.69,17310.91,1,0,85,
O000285,L001484,CU001484,2024-10-07,2025-02-03,Enterprise Connectivity,Closed Lost,28424.48,7958.85,0,1,119,Competitor
O000286,L001490,CU001490,2024-09-28,2024-10-19,Enterprise Connectivity,Closed Lost,54495.68,15258.79,0,1,21,Budget
O000287,L001499,CU001499,2024-10-01,2025-01-01,Security Add-on,Closed Won,15272.98,5192.81,1,0,92,
O000288,L001503,CU001503,2024-10-05,2025-01-18,Remote Access,Closed Lost,67453.19,18886.89,0,1,105,Timing
O000289,L001508,CU001508,2024-10-06,2025-01-06,Enterprise Connectivity,Closed Lost,10728.31,3003.93,0,1,92,Timing
O000290,L001526,CU001526,2024-10-07,2025-01-15,Security Add-on,Closed Lost,30151.37,8442.38,0,1,100,Timing
O000291,L001531,CU001531,2024-10-15,2024-12-31,Security Add-on,Closed Lost,25173.26,7048.51,0,1,77,Budget
O000292,L001532,CU001532,2024-10-02,2024-12-13,Remote Support,Closed Won,38950.58,10906.16,1,0,72,
O000293,L001533,CU001533,2024-10-03,2024-11-11,Enterprise Connectivity,Closed Lost,10851.42,3038.4,0,1,39,Budget
O000294,L001536,CU001536,2024-10-16,2025-01-31,Remote Access,Closed Lost,3502.96,980.83,0,1,107,Budget
O000295,L001539,CU001539,2024-10-13,2025-02-01,Remote Support,Closed Lost,21655.06,7362.72,0,1,111,Budget
O000296,L001549,CU001549,2024-10-12,2024-11-08,Remote Support,Closed Won,42473.77,11892.66,1,0,27,
O000297,L001554,CU001554,2024-10-12,2025-01-14,Remote Support,Closed Lost,15605.52,3121.1,0,1,94,Budget
O000298,L001555,CU001555,2024-10-17,2025-01-13,Remote Access,Closed Won,26577.15,7441.6,1,0,88,
O000299,L001556,CU001556,2024-10-08,2024-11-05,Remote Support,Closed Lost,12860.34,3600.89,0,1,28,Budget
O000300,L001561,CU001561,2024-10-14,2025-02-02,Remote Support,Closed Won,8737.41,2446.48,1,0,111,
O000301,L001564,CU001564,2024-10-13,2025-01-15,Security Add-on,Closed Lost,12362.35,4203.2,0,1,94,No decision
O000302,L001571,CU001571,2024-10-18,2024-12-22,Security Add-on,Closed Won,74528.29,20867.92,1,0,65,
O000303,L001576,CU001576,2024-10-12,2024-11-16,Remote Access,Closed Lost,32889.75,13813.7,0,1,35,Competitor
O000304,L001581,CU001581,2024-10-23,2025-01-05,Enterprise Connectivity,Closed Won,11502.59,3220.73,1,0,74,
O000305,L001582,CU001582,2024-10-23,2024-12-17,Remote Support,Closed Lost,38771.26,10855.95,0,1,55,Timing
O000306,L001583,CU001583,2024-10-24,2025-01-18,Remote Access,Closed Lost,100753.55,28210.99,0,1,86,Competitor
O000307,L001584,CU001584,2024-10-16,2025-01-22,Remote Support,Closed Lost,81421.27,22797.95,0,1,98,No decision
O000308,L001585,CU001585,2024-10-13,2024-12-03,Security Add-on,Closed Lost,7174.1,2008.75,0,1,51,No decision
O000309,L001595,CU001595,2024-10-24,2024-12-06,Remote Access,Closed Won,48743.1,13648.07,1,0,43,
O000310,L001596,CU001596,2024-10-18,2024-11-24,Security Add-on,Closed Lost,35446.72,9925.08,0,1,37,No decision
O000311,L001604,CU001604,2024-10-26,2025-02-13,Remote Access,Closed Lost,16619.42,4653.44,0,1,110,Budget
O000312,L001606,CU001606,2024-10-17,2024-12-20,Remote Access,Closed Lost,22291.95,6241.75,0,1,64,Budget
O000313,L001607,CU001607,2024-10-23,2025-01-13,Security Add-on,Closed Lost,10623.98,3612.15,0,1,82,Budget
O000314,L001627,CU001627,2024-10-24,2025-01-19,Remote Access,Closed Won,11754.96,3996.69,1,0,87,
O000315,L001629,CU001629,2024-10-25,2024-12-21,Security Add-on,Closed Lost,29955.02,8387.4,0,1,57,Budget
O000316,L001631,CU001631,2024-10-25,2025-01-19,Security Add-on,Closed Won,74545.48,35781.83,1,0,86,
O000317,L001635,CU001635,2024-10-31,2024-11-20,Security Add-on,Closed Lost,58555.18,16395.45,0,1,20,No decision
O000318,L001645,CU001645,2024-11-04,2024-12-11,Remote Access,Closed Lost,37306.45,10445.81,0,1,37,No decision
O000319,L001648,CU001648,2024-11-01,2025-01-12,Enterprise Connectivity,Closed Won,8583.88,2918.52,1,0,72,
O000320,L001649,CU001649,2024-11-05,2025-01-03,Remote Access,Closed Won,19451.5,5446.42,1,0,59,
O000321,L001650,CU001650,2024-11-03,2025-02-26,Remote Access,Closed Lost,15548.05,6530.18,0,1,115,Competitor
O000322,L001658,CU001658,2024-11-02,2024-12-21,Enterprise Connectivity,Closed Lost,11899.19,3331.77,0,1,49,Budget
O000323,L001660,CU001660,2024-10-25,2025-01-16,Remote Support,Closed Won,68283.68,19119.43,1,0,83,
O000324,L001667,CU001667,2024-10-26,2024-12-02,Remote Access,Closed Lost,71897.42,20131.28,0,1,37,Timing
O000325,L001668,CU001668,2024-10-28,2024-12-31,Remote Support,Closed Lost,47414.96,13276.19,0,1,64,No decision
O000326,L001679,CU001679,2024-11-07,2024-11-30,Remote Support,Closed Lost,20525.53,5747.15,0,1,23,No decision
O000327,L001686,CU001686,2024-11-07,2024-12-28,Remote Support,Closed Lost,10962.75,3069.57,0,1,51,No decision
O000328,L001709,CU001709,2024-11-08,2025-02-09,Security Add-on,Closed Lost,10176.2,3459.91,0,1,93,No decision
O000329,L001712,CU001712,2024-11-06,2025-02-21,Enterprise Connectivity,Closed Lost,30425.9,10344.8,0,1,107,Competitor
O000330,L001719,CU001719,2024-11-14,2025-01-06,Enterprise Connectivity,Closed Lost,12982.33,3635.05,0,1,53,Timing
O000331,L001724,CU001724,2024-11-14,2025-02-09,Remote Access,Closed Lost,13577.2,3801.62,0,1,87,Competitor
O000332,L001733,CU001733,2024-11-10,2025-03-05,Remote Support,Closed Won,55056.78,26427.26,1,0,115,
O000333,L001734,CU001734,2024-11-16,2024-12-25,Remote Support,Closed Lost,26399.81,11087.92,0,1,39,Timing
O000334,L001740,CU001740,2024-11-14,2025-01-27,Security Add-on,Closed Won,17294.63,4842.5,1,0,74,
O000335,L001774,CU001774,2024-11-16,2024-12-23,Remote Access,Closed Lost,25937.49,7262.5,0,1,37,Budget
O000336,L001777,CU001777,2024-11-17,2025-02-26,Security Add-on,Closed Lost,17201.79,4816.5,0,1,101,Competitor
O000337,L001796,CU001796,2024-11-21,2024-12-12,Security Add-on,Closed Won,12429.75,3480.33,1,0,21,
O000338,L001797,CU001797,2024-11-29,2025-03-11,Remote Support,Closed Won,5973.6,1194.72,1,0,102,
O000339,L001802,CU001802,2024-11-26,2025-01-10,Enterprise Connectivity,Closed Won,11358.22,3180.3,1,0,45,
O000340,L001807,CU001807,2024-11-30,2025-03-16,Enterprise Connectivity,Closed Lost,23754.8,6651.34,0,1,106,Timing
O000341,L001808,CU001808,2024-11-30,2025-03-21,Remote Support,Closed Lost,47422.99,13278.44,0,1,111,No decision
O000342,L001812,CU001812,2024-11-30,2025-03-23,Remote Support,Closed Lost,5267.46,1790.94,0,1,113,No decision
O000343,L001816,CU001816,2024-11-29,2025-02-02,Enterprise Connectivity,Closed Won,6780.17,1898.45,1,0,65,
O000344,L001818,CU001818,2024-11-23,2024-12-22,Remote Access,Closed Lost,88937.77,42690.13,0,1,29,Budget
O000345,L001821,CU001821,2024-12-04,2025-02-02,Remote Support,Closed Lost,32699.42,9155.84,0,1,60,No decision
O000346,L001824,CU001824,2024-11-28,2025-02-25,Remote Access,Closed Lost,18609.48,6327.22,0,1,89,Timing
O000347,L001833,CU001833,2024-11-26,2025-02-17,Remote Access,Closed Won,14847.9,7126.99,1,0,83,
O000348,L001834,CU001834,2024-11-28,2025-02-03,Enterprise Connectivity,Closed Won,58694.0,19955.96,1,0,67,
O000349,L001841,CU001841,2024-12-01,2025-03-16,Security Add-on,Closed Lost,32637.0,9138.36,0,1,105,Timing
O000350,L001842,CU001842,2024-11-25,2025-02-21,Remote Access,Closed Lost,5384.25,1507.59,0,1,88,No decision
O000351,L001844,CU001844,2024-11-29,2025-01-22,Remote Support,Closed Lost,10086.98,2824.35,0,1,54,Timing
O000352,L001847,CU001847,2024-11-25,2025-01-09,Security Add-on,Closed Lost,13585.8,4619.17,0,1,45,Budget
O000353,L001852,CU001852,2024-12-08,2025-03-28,Enterprise Connectivity,Closed Lost,13424.32,2684.86,0,1,110,Competitor
O000354,L001853,CU001853,2024-12-09,2024-12-31,Enterprise Connectivity,Closed Won,10411.72,2915.28,1,0,22,
O000355,L001855,CU001855,2024-12-02,2025-01-18,Remote Support,Closed Won,7287.21,3497.86,1,0,47,
O000356,L001856,CU001856,2024-11-27,2025-03-19,Security Add-on,Closed Lost,5817.36,1628.86,0,1,112,Timing
O000357,L001860,CU001860,2024-11-29,2025-03-24,Enterprise Connectivity,Closed Lost,20544.43,5752.44,0,1,115,Timing
O000358,L001875,CU001875,2024-12-05,2025-03-02,Enterprise Connectivity,Closed Lost,16002.65,4480.74,0,1,87,Competitor
O000359,L001876,CU001876,2024-12-03,2025-03-19,Remote Support,Closed Lost,6197.0,1735.16,0,1,106,Timing
O000360,L001883,CU001883,2024-12-07,2025-02-26,Security Add-on,Closed Lost,76962.87,21549.6,0,1,81,Budget
O000361,L001890,CU001890,2024-12-10,2025-02-03,Enterprise Connectivity,Closed Lost,12611.54,3531.23,0,1,55,Budget
O000362,L001891,CU001891,2024-12-10,2025-02-28,Remote Access,Closed Lost,4986.18,1396.13,0,1,80,No decision
O000363,L001893,CU001893,2024-12-03,2024-12-30,Remote Access,Closed Lost,14444.98,4044.6,0,1,27,No decision
O000364,L001898,CU001898,2024-12-06,2025-02-16,Remote Access,Closed Lost,21137.7,5918.55,0,1,72,No decision
O000365,L001901,CU001901,2024-12-11,2025-02-13,Security Add-on,Closed Won,95339.09,26694.95,1,0,64,
O000366,L001905,CU001905,2024-12-13,2025-04-03,Remote Access,Closed Lost,9497.65,2659.34,0,1,111,Competitor
O000367,L001906,CU001906,2024-12-14,2025-02-26,Remote Support,Closed Won,6438.52,2189.1,1,0,74,
O000368,L001907,CU001907,2024-12-16,2025-01-26,Remote Access,Closed Lost,9760.88,2733.05,0,1,41,Budget
O000369,L001908,CU001908,2024-12-12,2025-02-18,Remote Support,Closed Won,6634.57,2255.75,1,0,68,
O000370,L001916,CU001916,2024-12-16,2025-01-27,Enterprise Connectivity,Closed Lost,4401.67,1232.47,0,1,42,Timing
O000371,L001921,CU001921,2024-12-06,2025-03-17,Remote Support,Closed Lost,56463.57,15809.8,0,1,101,Budget
O000372,L001924,CU001924,2024-12-08,2025-03-03,Remote Access,Closed Lost,106797.62,51262.86,0,1,85,No decision
O000373,L001927,CU001927,2024-12-20,2025-03-13,Enterprise Connectivity,Closed Won,31594.81,8846.55,1,0,83,
O000374,L001931,CU001931,2024-12-22,2025-02-07,Security Add-on,Closed Lost,60176.36,20459.96,0,1,47,Competitor
O000375,L001933,CU001933,2024-12-16,2025-03-26,Remote Access,Closed Lost,16089.39,4505.03,0,1,100,No decision
O000376,L001934,CU001934,2024-12-19,2025-02-19,Security Add-on,Closed Won,15504.91,3100.98,1,0,62,
O000377,L001949,CU001949,2024-12-21,2025-01-14,Security Add-on,Closed Lost,8389.74,2349.13,0,1,24,Budget
O000378,L001958,CU001958,2024-12-21,2025-01-11,Enterprise Connectivity,Closed Won,16219.66,4541.51,1,0,21,
O000379,L001959,CU001959,2024-12-19,2025-03-10,Security Add-on,Closed Lost,6703.62,1877.01,0,1,81,No decision
O000380,L001964,CU001964,2024-12-20,2025-04-15,Remote Support,Closed Lost,7045.14,2395.35,0,1,116,Budget
O000381,L001965,CU001965,2024-12-19,2025-04-13,Remote Support,Closed Won,8466.81,2370.71,1,0,115,
O000382,L001969,CU001969,2024-12-27,2025-02-11,Enterprise Connectivity,Closed Lost,31545.55,8832.75,0,1,46,No decision
O000383,L001970,CU001970,2024-12-19,2025-01-15,Remote Support,Closed Won,18161.23,7627.71,1,0,27,
O000384,L001971,CU001971,2024-12-19,2025-03-03,Remote Access,Closed Won,65381.98,22229.87,1,0,74,
O000385,L001976,CU001976,2024-12-31,2025-02-27,Security Add-on,Closed Lost,88943.85,24904.28,0,1,58,Timing
O000386,L001980,CU001980,2024-12-27,2025-02-21,Enterprise Connectivity,Closed Lost,11227.73,3143.76,0,1,56,Competitor
O000387,L001987,CU001987,2024-12-30,2025-03-02,Remote Support,Closed Lost,13484.4,4584.69,0,1,62,Timing
O000388,L001993,CU001993,2025-01-01,2025-02-01,Remote Access,Closed Won,97821.95,41085.22,1,0,31,
O000389,L001996,CU001996,2024-12-29,2025-01-26,Remote Support,Closed Lost,19757.59,3951.52,0,1,28,No decision
O000390,L001998,CU001998,2024-12-25,2025-02-17,Security Add-on,Closed Won,13038.77,5476.28,1,0,54,
O000391,L002007,CU002007,2024-12-31,2025-04-23,Remote Support,Closed Lost,19558.54,5476.39,0,1,113,Competitor
O000392,L002015,CU002015,2025-01-04,2025-02-04,Remote Support,Closed Lost,21949.97,4389.99,0,1,31,Timing
O000393,L002017,CU002017,2025-01-03,2025-01-30,Security Add-on,Closed Lost,56287.03,15760.37,0,1,27,Budget
O000394,L002026,CU002026,2025-01-02,2025-02-09,Remote Support,Closed Lost,4364.25,1221.99,0,1,38,Competitor
O000395,L002028,CU002028,2025-01-07,2025-03-06,Remote Access,Closed Won,5000.49,1400.14,1,0,58,
O000396,L002031,CU002031,2025-01-12,2025-02-15,Remote Access,Closed Lost,40532.06,11348.98,0,1,34,Competitor
O000397,L002045,CU002045,2025-01-09,2025-02-20,Remote Support,Closed Lost,4909.24,1374.59,0,1,42,No decision
O000398,L002052,CU002052,2025-01-15,2025-05-04,Security Add-on,Closed Lost,10081.22,2822.74,0,1,109,Competitor
O000399,L002067,CU002067,2025-01-16,2025-04-01,Remote Access,Closed Lost,33658.86,9424.48,0,1,75,Competitor
O000400,L002068,CU002068,2025-01-11,2025-05-03,Remote Support,Closed Lost,85044.87,28915.26,0,1,112,No decision
O000401,L002073,CU002073,2025-01-19,2025-03-11,Enterprise Connectivity,Closed Lost,29341.16,8215.52,0,1,51,No decision
O000402,L002082,CU002082,2025-01-10,2025-04-29,Enterprise Connectivity,Closed Lost,10571.31,2959.97,0,1,109,Timing
O000403,L002086,CU002086,2025-01-20,2025-03-13,Remote Support,Closed Lost,29763.55,8333.79,0,1,52,Budget
O000404,L002096,CU002096,2025-01-22,2025-04-20,Remote Access,Closed Lost,42534.5,20416.56,0,1,88,No decision
O000405,L002102,CU002102,2025-01-26,2025-04-02,Remote Access,Closed Lost,12214.8,2442.96,0,1,66,No decision
O000406,L002103,CU002103,2025-01-21,2025-04-15,Security Add-on,Closed Won,24090.34,6745.29,1,0,84,
O000407,L002116,CU002116,2025-01-16,2025-03-25,Security Add-on,Closed Lost,86980.79,24354.62,0,1,68,Timing
O000408,L002118,CU002118,2025-01-16,2025-02-24,Remote Access,Closed Lost,6980.39,1954.51,0,1,39,Timing
O000409,L002119,CU002119,2025-01-26,2025-02-20,Enterprise Connectivity,Closed Lost,9671.66,2708.07,0,1,25,No decision
O000410,L002128,CU002128,2025-01-26,2025-03-23,Enterprise Connectivity,Closed Won,50847.78,21356.07,1,0,56,
O000411,L002133,CU002133,2025-01-27,2025-03-17,Remote Support,Closed Lost,28640.31,8019.29,0,1,49,Timing
O000412,L002159,CU002159,2025-02-01,2025-03-29,Remote Access,Closed Lost,50827.8,17281.45,0,1,56,No decision
O000413,L002166,CU002166,2025-02-05,2025-04-06,Remote Support,Closed Lost,17561.99,4917.36,0,1,60,Budget
O000414,L002168,CU002168,2025-01-27,2025-03-26,Remote Access,Closed Lost,6881.39,2339.67,0,1,58,Budget
O000415,L002170,CU002170,2025-02-08,2025-04-11,Enterprise Connectivity,Closed Lost,15652.9,4382.81,0,1,62,Timing
O000416,L002180,CU002180,2025-02-07,2025-04-23,Remote Support,Closed Lost,23339.45,6535.05,0,1,75,No decision
O000417,L002181,CU002181,2025-02-04,2025-02-27,Remote Access,Closed Lost,12339.9,3455.17,0,1,23,Competitor
O000418,L002184,CU002184,2025-02-04,2025-05-05,Security Add-on,Closed Lost,11143.63,3120.22,0,1,90,Budget
O000419,L002188,CU002188,2025-02-07,2025-05-05,Enterprise Connectivity,Closed Lost,13822.2,4699.55,0,1,87,Budget
O000420,L002189,CU002189,2025-02-03,2025-03-19,Enterprise Connectivity,Closed Lost,31410.84,8795.04,0,1,44,Timing
O000421,L002191,CU002191,2025-02-08,2025-04-01,Remote Support,Closed Won,46729.04,13084.13,1,0,52,
O000422,L002193,CU002193,2025-02-13,2025-06-05,Security Add-on,Closed Lost,6156.19,2093.1,0,1,112,Competitor
O000423,L002198,CU002198,2025-02-05,2025-04-11,Remote Support,Closed Lost,37817.94,18152.61,0,1,65,Timing
O000424,L002199,CU002199,2025-02-12,2025-06-08,Remote Access,Closed Lost,58189.67,19784.49,0,1,116,No decision
O000425,L002200,CU002200,2025-02-12,2025-04-16,Remote Access,Closed Lost,23114.79,11095.1,0,1,63,Timing
O000426,L002203,CU002203,2025-02-13,2025-04-19,Remote Support,Closed Won,8849.43,2477.84,1,0,65,
O000427,L002204,CU002204,2025-02-04,2025-04-28,Security Add-on,Closed Lost,71868.59,20123.2,0,1,83,No decision
O000428,L002211,CU002211,2025-02-12,2025-03-13,Remote Support,Closed Lost,49152.36,13762.66,0,1,29,No decision
O000429,L002225,CU002225,2025-02-13,2025-05-15,Remote Access,Closed Lost,44043.05,12332.05,0,1,91,Competitor
O000430,L002226,CU002226,2025-02-13,2025-04-21,Enterprise Connectivity,Closed Lost,31996.55,10878.83,0,1,67,Timing
O000431,L002228,CU002228,2025-02-11,2025-06-05,Enterprise Connectivity,Closed Lost,12400.32,3472.09,0,1,114,Competitor
O000432,L002229,CU002229,2025-02-14,2025-05-06,Security Add-on,Closed Lost,104708.92,50260.28,0,1,81,Competitor
O000433,L002234,CU002234,2025-02-23,2025-03-28,Remote Support,Closed Lost,5252.74,2521.32,0,1,33,No decision
O000434,L002236,CU002236,2025-02-11,2025-05-01,Remote Access,Closed Lost,21377.32,7268.29,0,1,79,No decision
O000435,L002239,CU002239,2025-02-18,2025-03-13,Security Add-on,Closed Lost,24626.4,6895.39,0,1,23,No decision
O000436,L002244,CU002244,2025-02-25,2025-04-05,Remote Support,Closed Lost,37899.63,12885.87,0,1,39,Timing
O000437,L002245,CU002245,2025-02-23,2025-06-20,Enterprise Connectivity,Closed Won,23125.26,6475.07,1,0,117,
O000438,L002254,CU002254,2025-02-22,2025-05-31,Remote Access,Closed Won,44186.07,12372.1,1,0,98,
O000439,L002280,CU002280,2025-03-05,2025-05-05,Remote Access,Closed Lost,17999.83,5039.95,0,1,61,Budget
O000440,L002298,CU002298,2025-03-04,2025-06-27,Enterprise Connectivity,Closed Lost,50116.25,24055.8,0,1,115,Competitor
O000441,L002300,CU002300,2025-02-25,2025-06-24,Remote Access,Closed Lost,19345.3,5416.68,0,1,119,Budget
O000442,L002302,CU002302,2025-02-28,2025-04-13,Remote Access,Closed Lost,65436.33,18322.17,0,1,44,Timing
O000443,L002304,CU002304,2025-03-02,2025-05-12,Enterprise Connectivity,Closed Lost,78503.99,26691.36,0,1,71,Timing
O000444,L002305,CU002305,2025-03-09,2025-05-18,Remote Support,Closed Lost,5342.45,1495.88,0,1,70,No decision
O000445,L002310,CU002310,2025-03-09,2025-07-04,Remote Support,Closed Lost,75469.14,21131.36,0,1,117,Budget
O000446,L002313,CU002313,2025-03-02,2025-05-07,Remote Support,Closed Lost,82801.69,23184.47,0,1,66,Timing
O000447,L002320,CU002320,2025-03-08,2025-06-04,Security Add-on,Closed Lost,42233.05,11825.25,0,1,88,No decision
O000448,L002333,CU002333,2025-03-08,2025-06-04,Remote Support,Closed Lost,7361.83,2061.31,0,1,88,Timing
O000449,L002334,CU002334,2025-03-13,2025-04-09,Remote Access,Closed Lost,9929.68,2780.31,0,1,27,Budget
O000450,L002339,CU002339,2025-03-02,2025-05-06,Enterprise Connectivity,Closed Lost,80758.45,38764.05,0,1,65,Budget
O000451,L002350,CU002350,2025-03-13,2025-05-30,Security Add-on,Closed Lost,15127.1,5143.21,0,1,78,Timing
O000452,L002353,CU002353,2025-03-14,2025-07-08,Enterprise Connectivity,Closed Lost,88729.61,37266.44,0,1,116,Budget
O000453,L002358,CU002358,2025-03-14,2025-04-23,Remote Support,Closed Lost,34536.11,16577.33,0,1,40,No decision
O000454,L002363,CU002363,2025-03-11,2025-05-13,Security Add-on,Closed Lost,47129.77,13196.34,0,1,63,No decision
O000455,L002372,CU002372,2025-03-10,2025-06-13,Security Add-on,Closed Lost,12423.43,3478.56,0,1,95,No decision
O000456,L002374,CU002374,2025-03-13,2025-05-31,Remote Access,Closed Lost,6900.46,1932.13,0,1,79,Budget
O000457,L002382,CU002382,2025-03-11,2025-05-06,Security Add-on,Closed Won,40244.94,11268.58,1,0,56,
O000458,L002383,CU002383,2025-03-16,2025-04-12,Remote Access,Closed Lost,10527.81,3579.45,0,1,27,Competitor
O000459,L002384,CU002384,2025-03-16,2025-06-15,Remote Access,Closed Lost,83865.53,28514.28,0,1,91,Timing
O000460,L002390,CU002390,2025-03-13,2025-07-07,Enterprise Connectivity,Closed Lost,68121.95,23161.46,0,1,116,No decision
O000461,L002393,CU002393,2025-03-20,2025-06-11,Remote Access,Closed Lost,57701.01,16156.28,0,1,83,Competitor
O000462,L002402,CU002402,2025-03-16,2025-05-19,Remote Access,Closed Lost,6758.23,1892.31,0,1,64,Budget
O000463,L002408,CU002408,2025-03-18,2025-05-05,Remote Support,Closed Lost,21838.59,6114.81,0,1,48,Timing
O000464,L002410,CU002410,2025-03-16,2025-06-09,Remote Support,Closed Lost,30883.86,8647.48,0,1,85,Budget
O000465,L002414,CU002414,2025-03-23,2025-05-19,Remote Access,Closed Won,8769.5,2455.46,1,0,57,
O000466,L002422,CU002422,2025-03-29,2025-05-30,Enterprise Connectivity,Closed Lost,10220.51,2861.74,0,1,62,No decision
O000467,L002426,CU002426,2025-03-27,2025-06-08,Security Add-on,Closed Won,14357.56,4020.12,1,0,73,
O000468,L002433,CU002433,2025-03-27,2025-05-14,Remote Support,Closed Lost,10146.32,2840.97,0,1,48,Competitor
O000469,L002442,CU002442,2025-03-31,2025-05-13,Security Add-on,Closed Lost,27694.19,9416.02,0,1,43,Competitor
O000470,L002445,CU002445,2025-03-28,2025-06-05,Enterprise Connectivity,Closed Won,11498.06,2299.61,1,0,69,
O000471,L002447,CU002447,2025-03-24,2025-06-08,Enterprise Connectivity,Closed Lost,6111.22,1222.24,0,1,76,Budget
O000472,L002448,CU002448,2025-04-05,2025-05-09,Enterprise Connectivity,Closed Lost,36709.64,10278.7,0,1,34,No decision
O000473,L002451,CU002451,2025-03-28,2025-06-15,Security Add-on,Closed Won,6245.62,1748.77,1,0,79,
O000474,L002454,CU002454,2025-04-04,2025-05-16,Security Add-on,Closed Lost,7969.4,2231.43,0,1,42,Competitor
O000475,L002460,CU002460,2025-03-26,2025-04-28,Remote Support,Closed Lost,14353.28,4018.92,0,1,33,Budget
O000476,L002463,CU002463,2025-04-04,2025-06-17,Remote Support,Closed Lost,72113.45,20191.76,0,1,74,Timing
O000477,L002483,CU002483,2025-04-02,2025-05-31,Enterprise Connectivity,Closed Lost,9851.62,2758.45,0,1,59,Competitor
O000478,L002488,CU002488,2025-03-30,2025-07-18,Remote Access,Closed Won,16550.86,4634.24,1,0,110,
O000479,L002496,CU002496,2025-04-14,2025-07-15,Remote Access,Closed Lost,5781.9,1965.85,0,1,92,No decision
O000480,L002500,CU002500,2025-04-07,2025-04-27,Security Add-on,Closed Lost,5801.9,1624.53,0,1,20,Timing
O000481,L002507,CU002507,2025-04-12,2025-07-03,Security Add-on,Closed Lost,19072.17,6484.54,0,1,82,Budget
O000482,L002510,CU002510,2025-04-11,2025-05-13,Remote Support,Closed Lost,38043.45,12934.77,0,1,32,Budget
O000483,L002512,CU002512,2025-04-06,2025-06-12,Security Add-on,Closed Won,9932.77,2781.18,1,0,67,
O000484,L002514,CU002514,2025-04-10,2025-08-04,Remote Support,Closed Lost,12779.65,5367.45,0,1,116,Timing
O000485,L002515,CU002515,2025-04-07,2025-07-26,Remote Support,Closed Won,17906.85,8595.29,1,0,110,
O000486,L002527,CU002527,2025-04-13,2025-07-15,Remote Access,Closed Won,135600.01,37968.0,1,0,93,
O000487,L002528,CU002528,2025-04-10,2025-07-12,Remote Access,Closed Lost,7272.38,1454.48,0,1,93,Timing
O000488,L002531,CU002531,2025-04-19,2025-05-24,Security Add-on,Closed Lost,23477.61,6573.73,0,1,35,No decision
O000489,L002540,CU002540,2025-04-19,2025-07-19,Security Add-on,Closed Lost,49800.08,13944.02,0,1,91,Competitor
O000490,L002544,CU002544,2025-04-14,2025-07-29,Remote Access,Closed Lost,20091.99,5625.76,0,1,106,Competitor
O000491,L002548,CU002548,2025-04-22,2025-06-07,Remote Access,Closed Lost,13398.16,4555.37,0,1,46,Budget
O000492,L002549,CU002549,2025-04-13,2025-05-19,Enterprise Connectivity,Closed Lost,7336.04,2054.09,0,1,36,Budget
O000493,L002559,CU002559,2025-04-26,2025-06-27,Remote Access,Closed Lost,46438.56,13002.8,0,1,62,Budget
O000494,L002563,CU002563,2025-04-22,2025-05-23,Security Add-on,Closed Lost,9580.17,2682.45,0,1,31,Budget
O000495,L002574,CU002574,2025-04-18,2025-05-30,Security Add-on,Closed Won,68777.15,19257.6,1,0,42,
O000496,L002577,CU002577,2025-04-24,2025-08-08,Enterprise Connectivity,Closed Lost,36741.8,17636.07,0,1,106,Timing
O000497,L002578,CU002578,2025-04-24,2025-06-05,Security Add-on,Closed Lost,35812.66,17190.08,0,1,42,No decision
O000498,L002582,CU002582,2025-04-25,2025-07-24,Security Add-on,Closed Won,142857.43,68571.57,1,0,90,
O000499,L002586,CU002586,2025-04-30,2025-07-05,Remote Support,Closed Lost,110387.02,52985.77,0,1,66,Timing
O000500,L002588,CU002588,2025-05-01,2025-06-08,Remote Support,Closed Lost,14906.02,5068.05,0,1,38,No decision
O000501,L002592,CU002592,2025-04-19,2025-07-02,Remote Support,Closed Lost,37833.84,15890.21,0,1,74,Budget
O000502,L002600,CU002600,2025-05-03,2025-05-29,Security Add-on,Closed Lost,42001.69,11760.47,0,1,26,Competitor
O000503,L002602,CU002602,2025-04-27,2025-08-06,Security Add-on,Closed Lost,53675.34,15029.1,0,1,101,No decision
O000504,L002613,CU002613,2025-05-06,2025-08-02,Enterprise Connectivity,Closed Lost,7960.97,2229.07,0,1,88,No decision
O000505,L002620,CU002620,2025-04-26,2025-08-01,Remote Support,Closed Lost,63989.09,17916.94,0,1,97,Timing
O000506,L002626,CU002626,2025-04-26,2025-07-01,Remote Support,Closed Lost,13290.65,5582.08,0,1,66,No decision
O000507,L002629,CU002629,2025-05-04,2025-07-24,Remote Access,Closed Lost,44686.81,12512.31,0,1,81,No decision
O000508,L002637,CU002637,2025-05-04,2025-06-30,Remote Access,Closed Lost,47693.81,13354.27,0,1,57,No decision
O000509,L002640,CU002640,2025-05-08,2025-07-30,Enterprise Connectivity,Closed Lost,59607.5,20266.55,0,1,83,Budget
O000510,L002645,CU002645,2025-04-30,2025-07-20,Security Add-on,Closed Won,40271.71,16914.12,1,0,81,
O000511,L002647,CU002647,2025-05-02,2025-06-04,Remote Support,Closed Won,32891.2,9209.54,1,0,33,
O000512,L002648,CU002648,2025-05-03,2025-05-28,Remote Access,Closed Lost,26112.47,7311.49,0,1,25,No decision
O000513,L002656,CU002656,2025-05-09,2025-07-08,Remote Support,Closed Lost,5260.53,1472.95,0,1,60,Competitor
O000514,L002657,CU002657,2025-05-10,2025-07-16,Remote Support,Closed Won,10709.17,2998.57,1,0,67,
O000515,L002658,CU002658,2025-05-05,2025-06-29,Remote Support,Closed Lost,55830.96,23449.0,0,1,55,Budget
O000516,L002662,CU002662,2025-05-10,2025-09-06,Remote Support,Closed Won,19605.99,5489.68,1,0,119,
O000517,L002665,CU002665,2025-05-10,2025-08-07,Security Add-on,Closed Won,30873.22,10496.9,1,0,89,
O000518,L002666,CU002666,2025-05-07,2025-07-11,Remote Access,Closed Lost,60180.24,16850.47,0,1,65,Budget
O000519,L002673,CU002673,2025-05-16,2025-07-29,Security Add-on,Closed Lost,12385.59,3467.96,0,1,74,Budget
O000520,L002680,CU002680,2025-05-14,2025-06-20,Enterprise Connectivity,Closed Lost,18997.83,5319.39,0,1,37,Budget
O000521,L002689,CU002689,2025-05-11,2025-06-15,Security Add-on,Closed Won,26383.3,8970.32,1,0,35,
O000522,L002691,CU002691,2025-05-07,2025-08-08,Enterprise Connectivity,Closed Won,41075.04,13965.51,1,0,93,
O000523,L002694,CU002694,2025-05-13,2025-08-22,Remote Support,Closed Lost,14743.58,7076.92,0,1,101,Timing
O000524,L002697,CU002697,2025-05-15,2025-08-30,Remote Access,Closed Won,50577.59,14161.72,1,0,107,
O000525,L002700,CU002700,2025-05-08,2025-06-30,Remote Support,Closed Won,4986.27,1695.33,1,0,53,
O000526,L002702,CU002702,2025-05-20,2025-08-04,Remote Access,Closed Lost,15820.9,7594.03,0,1,76,No decision
O000527,L002715,CU002715,2025-05-14,2025-07-26,Security Add-on,Closed Won,72948.36,24802.44,1,0,73,
O000528,L002717,CU002717,2025-05-13,2025-06-19,Security Add-on,Closed Lost,14936.83,4182.31,0,1,37,Budget
O000529,L002719,CU002719,2025-05-16,2025-07-19,Remote Access,Closed Lost,4717.75,1320.97,0,1,64,No decision
O000530,L002723,CU002723,2025-05-21,2025-07-12,Remote Support,Closed Lost,22231.08,5780.08,0,1,52,Timing
O000531,L002746,CU002746,2025-05-16,2025-07-06,Remote Access,Closed Lost,23012.8,6443.59,0,1,51,Timing
O000532,L002755,CU002755,2025-05-24,2025-07-27,Security Add-on,Closed Lost,24828.19,8441.58,0,1,64,Budget
O000533,L002764,CU002764,2025-05-25,2025-06-30,Remote Support,Closed Won,12319.78,3449.54,1,0,36,
O000534,L002770,CU002770,2025-06-02,2025-07-12,Enterprise Connectivity,Closed Won,20208.63,6870.93,1,0,40,
O000535,L002772,CU002772,2025-05-30,2025-07-18,Remote Access,Closed Lost,6229.99,1246.0,0,1,49,No decision
O000536,L002775,CU002775,2025-05-26,2025-06-21,Security Add-on,Closed Lost,6026.24,2048.92,0,1,26,No decision
O000537,L002785,CU002785,2025-06-06,2025-09-08,Remote Access,Closed Lost,18771.53,5256.03,0,1,94,Timing
O000538,L002786,CU002786,2025-06-05,2025-09-18,Security Add-on,Closed Lost,12069.26,3379.39,0,1,105,No decision
O000539,L002808,CU002808,2025-06-01,2025-06-25,Enterprise Connectivity,Closed Won,7324.2,3515.62,1,0,24,
O000540,L002812,CU002812,2025-06-03,2025-06-29,Enterprise Connectivity,Closed Lost,9538.19,2670.69,0,1,26,Timing
O000541,L002816,CU002816,2025-05-31,2025-09-25,Remote Access,Closed Won,30174.32,8448.81,1,0,117,
O000542,L002824,CU002824,2025-06-04,2025-07-10,Security Add-on,Closed Lost,57818.24,16189.11,0,1,36,No decision
O000543,L002825,CU002825,2025-06-14,2025-10-04,Security Add-on,Closed Lost,90843.33,43604.8,0,1,112,No decision
O000544,L002833,CU002833,2025-06-08,2025-08-06,Remote Support,Closed Won,19377.26,6588.27,1,0,59,
O000545,L002835,CU002835,2025-06-12,2025-07-03,Remote Access,Closed Won,7162.9,3438.19,1,0,21,
O000546,L002839,CU002839,2025-06-15,2025-09-02,Enterprise Connectivity,Closed Lost,4841.53,1646.12,0,1,79,Budget
O000547,L002848,CU002848,2025-06-11,2025-09-18,Remote Access,Closed Lost,20963.14,4192.63,0,1,99,Budget
O000548,L002851,CU002851,2025-06-07,2025-07-06,Remote Support,Closed Lost,17207.11,4817.99,0,1,29,Competitor
O000549,L002854,CU002854,2025-06-10,2025-09-25,Remote Support,Closed Won,31471.61,8812.05,1,0,107,
O000550,L002863,CU002863,2025-06-15,2025-08-15,Remote Access,Closed Lost,115463.78,55422.62,0,1,61,Competitor
O000551,L002867,CU002867,2025-06-19,2025-09-30,Remote Access,Closed Won,51855.39,14519.51,1,0,103,
O000552,L002872,CU002872,2025-06-16,2025-07-14,Remote Support,Closed Won,56190.23,19104.68,1,0,28,
O000553,L002874,CU002874,2025-06-23,2025-08-18,Remote Access,Closed Lost,6437.01,2703.54,0,1,56,Budget
O000554,L002879,CU002879,2025-06-13,2025-09-20,Remote Support,Closed Lost,37415.5,10476.34,0,1,99,Competitor
O000555,L002883,CU002883,2025-06-23,2025-09-12,Security Add-on,Closed Lost,13714.49,3840.06,0,1,81,Timing
O000556,L002890,CU002890,2025-06-14,2025-09-27,Remote Access,Closed Won,6245.46,1748.73,1,0,105,
O000557,L002892,CU002892,2025-06-27,2025-10-17,Security Add-on,Closed Won,5071.02,1724.15,1,0,112,
O000558,L002894,CU002894,2025-06-29,2025-09-30,Remote Access,Closed Lost,41863.95,11721.91,0,1,93,Budget
O000559,L002897,CU002897,2025-06-26,2025-09-25,Security Add-on,Closed Won,57608.77,16130.46,1,0,91,
O000560,L002902,CU002902,2025-06-23,2025-08-02,Security Add-on,Closed Won,4389.19,1492.33,1,0,40,
O000561,L002903,CU002903,2025-06-21,2025-08-16,Remote Access,Closed Won,62918.21,17617.1,1,0,56,
O000562,L002909,CU002909,2025-07-01,2025-08-16,Enterprise Connectivity,Closed Won,71827.6,24421.39,1,0,46,
O000563,L002915,CU002915,2025-06-19,2025-09-03,Enterprise Connectivity,Closed Lost,13777.61,3857.73,0,1,76,Competitor
O000564,L002920,CU002920,2025-07-01,2025-08-13,Security Add-on,Closed Lost,16463.64,4609.82,0,1,43,Budget
O000565,L002922,CU002922,2025-06-27,2025-08-26,Remote Support,Closed Won,7292.93,2042.02,1,0,60,
O000566,L002929,CU002929,2025-06-21,2025-09-21,Remote Access,Closed Won,30349.15,8497.76,1,0,92,
O000567,L002932,CU002932,2025-07-02,2025-07-22,Remote Support,Closed Lost,43610.66,14827.62,0,1,20,Timing
O000568,L002939,CU002939,2025-07-04,2025-08-30,Remote Support,Closed Lost,18057.01,5055.96,0,1,57,No decision
O000569,L002941,CU002941,2025-06-30,2025-08-14,Enterprise Connectivity,Closed Won,32943.48,15812.87,1,0,45,
O000570,L002944,CU002944,2025-06-29,2025-08-19,Remote Support,Closed Won,8273.03,1654.61,1,0,51,
O000571,L002950,CU002950,2025-06-25,2025-08-11,Remote Support,Closed Lost,43180.61,12090.57,0,1,47,Competitor
O000572,L002954,CU002954,2025-06-25,2025-09-25,Security Add-on,Closed Won,12392.86,4213.57,1,0,92,
O000573,L002967,CU002967,2025-06-27,2025-07-27,Enterprise Connectivity,Closed Lost,10210.57,4901.07,0,1,30,Budget
O000574,L002983,CU002983,2025-06-30,2025-09-19,Remote Access,Closed Won,15373.9,4304.69,1,0,81,
O000575,L003009,CU003009,2025-07-08,2025-10-28,Enterprise Connectivity,Closed Lost,2887.12,577.42,0,1,112,No decision
O000576,L003012,CU003012,2025-07-15,2025-09-03,Remote Access,Closed Won,3519.33,985.41,1,0,50,
O000577,L003013,CU003013,2025-07-17,2025-10-25,Remote Support,Closed Lost,7060.86,1977.04,0,1,100,No decision
O000578,L003020,CU003020,2025-07-21,2025-10-31,Remote Access,Closed Won,28224.13,9596.2,1,0,102,
O000579,L003028,CU003028,2025-07-25,2025-09-01,Enterprise Connectivity,Closed Lost,26799.03,9111.67,0,1,38,Budget
O000580,L003045,CU003045,2025-07-22,2025-08-30,Enterprise Connectivity,Closed Lost,25250.29,7070.08,0,1,39,Timing
O000581,L003046,CU003046,2025-07-21,2025-08-13,Remote Access,Closed Won,50764.61,14214.09,1,0,23,
O000582,L003052,CU003052,2025-07-20,2025-08-10,Remote Support,Closed Lost,7736.6,2166.25,0,1,21,Competitor
O000583,L003053,CU003053,2025-07-29,2025-09-17,Remote Support,Closed Won,71799.36,30155.73,1,0,50,
O000584,L003054,CU003054,2025-07-24,2025-11-08,Remote Support,Closed Lost,33258.24,11307.8,0,1,107,Budget
O000585,L003056,CU003056,2025-07-19,2025-10-08,Remote Access,Closed Won,10689.16,2992.97,1,0,81,
O000586,L003059,CU003059,2025-07-29,2025-09-19,Remote Support,Closed Lost,13951.22,2790.24,0,1,52,Competitor
O000587,L003064,CU003064,2025-07-21,2025-09-12,Security Add-on,Closed Lost,6767.59,1353.52,0,1,53,Timing
O000588,L003072,CU003072,2025-07-20,2025-08-20,Security Add-on,Closed Won,19912.34,5575.46,1,0,31,
O000589,L003076,CU003076,2025-07-29,2025-09-18,Remote Access,Closed Lost,6641.73,1859.68,0,1,51,Timing
O000590,L003079,CU003079,2025-08-04,2025-11-19,Remote Support,Closed Lost,26372.53,7384.31,0,1,107,Competitor
O000591,L003080,CU003080,2025-07-31,2025-11-04,Enterprise Connectivity,Closed Lost,18277.29,5117.64,0,1,96,No decision
O000592,L003082,CU003082,2025-07-25,2025-08-27,Enterprise Connectivity,Closed Lost,12369.11,3463.35,0,1,33,Budget
O000593,L003092,CU003092,2025-07-28,2025-09-03,Security Add-on,Closed Lost,3476.24,973.35,0,1,37,No decision
O000594,L003104,CU003104,2025-08-05,2025-10-16,Remote Access,Closed Won,51251.03,14350.29,1,0,72,
O000595,L003112,CU003112,2025-08-07,2025-10-24,Security Add-on,Closed Lost,27075.59,7581.17,0,1,78,No decision
O000596,L003114,CU003114,2025-08-09,2025-10-23,Remote Access,Closed Won,19079.75,6487.12,1,0,75,
O000597,L003115,CU003115,2025-08-02,2025-11-11,Enterprise Connectivity,Closed Lost,5648.35,1581.54,0,1,101,Budget
O000598,L003116,CU003116,2025-08-03,2025-10-09,Security Add-on,Closed Won,68538.15,19190.68,1,0,67,
O000599,L003117,CU003117,2025-07-30,2025-09-16,Enterprise Connectivity,Closed Lost,40778.87,11418.08,0,1,48,Timing
O000600,L003133,CU003133,2025-08-03,2025-11-22,Remote Support,Closed Lost,8455.27,2367.48,0,1,111,Timing
O000601,L003137,CU003137,2025-07-31,2025-09-06,Security Add-on,Closed Lost,74063.39,20737.75,0,1,37,No decision
O000602,L003139,CU003139,2025-08-11,2025-10-09,Enterprise Connectivity,Closed Lost,78799.55,22063.87,0,1,59,Timing
O000603,L003142,CU003142,2025-08-05,2025-10-11,Remote Support,Closed Won,17191.09,5844.97,1,0,67,
O000604,L003145,CU003145,2025-08-11,2025-11-28,Remote Support,Closed Won,4759.9,1332.77,1,0,109,
O000605,L003153,CU003153,2025-08-15,2025-10-15,Remote Access,Closed Lost,38712.19,10839.41,0,1,61,Budget
O000606,L003155,CU003155,2025-08-12,2025-12-09,Enterprise Connectivity,Closed Lost,30530.28,10380.29,0,1,119,Budget
O000607,L003159,CU003159,2025-08-18,2025-10-10,Security Add-on,Closed Won,6667.12,1866.79,1,0,53,
O000608,L003164,CU003164,2025-08-15,2025-10-08,Security Add-on,Closed Won,61430.17,17200.45,1,0,54,
O000609,L003168,CU003168,2025-08-10,2025-11-27,Remote Support,Closed Won,9208.82,4420.23,1,0,109,
O000610,L003171,CU003171,2025-08-19,2025-10-10,Enterprise Connectivity,Closed Lost,26623.41,7454.55,0,1,52,No decision
O000611,L003173,CU003173,2025-08-07,2025-11-24,Security Add-on,Closed Lost,5799.23,1623.78,0,1,109,Timing
O000612,L003179,CU003179,2025-08-11,2025-09-10,Security Add-on,Closed Won,33795.15,16221.67,1,0,30,
O000613,L003188,CU003188,2025-08-19,2025-09-15,Remote Access,Closed Lost,9545.37,2672.7,0,1,27,Timing
O000614,L003192,CU003192,2025-08-10,2025-11-17,Remote Support,Closed Lost,30822.15,8630.2,0,1,99,Competitor
O000615,L003203,CU003203,2025-08-24,2025-10-22,Remote Access,Closed Won,25291.12,12139.74,1,0,59,
O000616,L003205,CU003205,2025-08-14,2025-10-27,Security Add-on,Closed Lost,15861.17,4441.13,0,1,74,Competitor
O000617,L003209,CU003209,2025-08-24,2025-12-08,Remote Support,Closed Won,5811.52,1627.23,1,0,106,
O000618,L003213,CU003213,2025-08-14,2025-11-09,Remote Access,Closed Won,126402.8,35392.78,1,0,87,
O000619,L003217,CU003217,2025-08-18,2025-11-04,Remote Access,Closed Won,52382.84,10476.57,1,0,78,
O000620,L003225,CU003225,2025-08-29,2025-12-11,Remote Access,Closed Lost,23805.35,6665.5,0,1,104,No decision
O000621,L003228,CU003228,2025-08-21,2025-12-06,Security Add-on,Closed Won,35019.48,16809.35,1,0,107,
O000622,L003230,CU003230,2025-08-29,2025-11-22,Remote Access,Closed Won,92007.55,44163.62,1,0,85,
O000623,L003233,CU003233,2025-08-23,2025-09-16,Remote Access,Closed Lost,94052.53,45145.21,0,1,24,Budget
O000624,L003234,CU003234,2025-08-30,2025-12-10,Remote Support,Closed Lost,7304.98,2045.39,0,1,102,Budget
O000625,L003236,CU003236,2025-08-23,2025-12-06,Remote Access,Closed Won,27024.42,5404.88,1,0,105,
O000626,L003237,CU003237,2025-08-20,2025-11-29,Security Add-on,Closed Won,34562.61,14516.3,1,0,101,
O000627,L003240,CU003240,2025-08-28,2025-12-16,Remote Access,Closed Lost,12403.27,4217.11,0,1,110,Budget
O000628,L003243,CU003243,2025-08-30,2025-10-30,Remote Support,Closed Lost,56847.3,27286.7,0,1,61,Timing
O000629,L003258,CU003258,2025-09-01,2025-12-10,Remote Support,Closed Lost,84526.93,23667.54,0,1,100,Budget
O000630,L003266,CU003266,2025-09-02,2025-10-16,Remote Support,Closed Won,110461.77,53021.65,1,0,44,
O000631,L003270,CU003270,2025-09-01,2025-10-26,Security Add-on,Closed Won,51719.26,21722.09,1,0,55,
O000632,L003276,CU003276,2025-08-26,2025-11-28,Security Add-on,Closed Lost,36081.95,10102.95,0,1,94,Competitor
O000633,L003279,CU003279,2025-08-29,2025-09-21,Remote Support,Closed Won,12404.79,3473.34,1,0,23,
O000634,L003284,CU003284,2025-08-28,2025-10-21,Enterprise Connectivity,Closed Won,9485.63,2655.98,1,0,54,
O000635,L003290,CU003290,2025-09-10,2025-12-18,Security Add-on,Closed Won,33960.64,9508.98,1,0,99,
O000636,L003294,CU003294,2025-09-02,2025-10-26,Enterprise Connectivity,Closed Lost,91446.59,25605.05,0,1,54,No decision
O000637,L003299,CU003299,2025-08-30,2025-10-24,Enterprise Connectivity,Closed Lost,72045.58,24495.5,0,1,55,Timing
O000638,L003327,CU003327,2025-09-16,2025-12-05,Enterprise Connectivity,Closed Lost,92536.97,25910.35,0,1,80,Timing
O000639,L003330,CU003330,2025-09-11,2025-12-19,Security Add-on,Closed Lost,53835.49,25841.03,0,1,99,No decision
O000640,L003331,CU003331,2025-09-16,2025-11-18,Remote Access,Closed Lost,82852.9,23198.81,0,1,63,No decision
O000641,L003336,CU003336,2025-09-08,2026-01-04,Remote Support,Closed Lost,53497.68,14979.35,0,1,118,Timing
O000642,L003337,CU003337,2025-09-07,2025-10-31,Security Add-on,Closed Won,4469.22,1251.38,1,0,54,
O000643,L003338,CU003338,2025-09-13,2025-12-17,Remote Support,Closed Lost,85207.2,40899.45,0,1,95,Budget
O000644,L003340,CU003340,2025-09-14,2025-10-12,Enterprise Connectivity,Closed Won,14094.8,6765.5,1,0,28,
O000645,L003341,CU003341,2025-09-13,2025-12-22,Security Add-on,Closed Won,14049.39,4776.79,1,0,100,
O000646,L003350,CU003350,2025-09-13,2025-12-28,Security Add-on,Closed Lost,12183.76,3411.45,0,1,106,Budget
O000647,L003351,CU003351,2025-09-11,2025-10-06,Remote Support,Closed Lost,13218.44,6344.85,0,1,25,Timing
O000648,L003355,CU003355,2025-09-21,2025-10-27,Remote Access,Closed Lost,5745.44,1608.72,0,1,36,No decision
O000649,L003356,CU003356,2025-09-12,2025-11-01,Enterprise Connectivity,Closed Lost,32956.82,9227.91,0,1,50,Competitor
O000650,L003360,CU003360,2025-09-18,2025-11-14,Remote Access,Closed Lost,23851.98,6678.55,0,1,57,Budget
O000651,L003366,CU003366,2025-09-12,2025-11-15,Remote Support,Closed Lost,5161.58,1754.94,0,1,64,Budget
O000652,L003373,CU003373,2025-09-19,2025-11-20,Remote Access,Closed Won,10749.51,3009.86,1,0,62,
O000653,L003381,CU003381,2025-09-15,2025-11-13,Remote Support,Closed Won,10545.96,2952.87,1,0,59,
O000654,L003384,CU003384,2025-09-16,2025-12-13,Security Add-on,Closed Lost,7765.43,2174.32,0,1,88,Competitor
O000655,L003400,CU003400,2025-09-25,2025-11-10,Remote Support,Closed Won,6300.54,1764.15,1,0,46,
O000656,L003411,CU003411,2025-09-18,2025-12-29,Security Add-on,Closed Lost,43347.87,12137.4,0,1,102,Budget
O000657,L003414,CU003414,2025-09-19,2025-12-05,Security Add-on,Closed Lost,26784.63,7499.7,0,1,77,Competitor
O000658,L003416,CU003416,2025-09-28,2025-11-21,Remote Support,Closed Won,21888.89,4377.78,1,0,54,
O000659,L003419,CU003419,2025-09-30,2025-10-20,Remote Access,Closed Lost,55467.88,15531.01,0,1,20,Timing
O000660,L003425,CU003425,2025-09-30,2025-12-07,Enterprise Connectivity,Closed Lost,4214.93,1180.18,0,1,68,Competitor
O000661,L003437,CU003437,2025-10-02,2025-12-16,Remote Support,Closed Lost,43160.55,14674.59,0,1,75,Budget
O000662,L003438,CU003438,2025-09-23,2025-12-27,Enterprise Connectivity,Closed Lost,6707.88,3219.78,0,1,95,Competitor
O000663,L003446,CU003446,2025-10-01,2025-11-21,Remote Support,Closed Lost,60696.62,25492.58,0,1,51,Timing
O000664,L003455,CU003455,2025-09-25,2025-12-20,Remote Support,Closed Lost,9617.2,3269.85,0,1,86,Budget
O000665,L003458,CU003458,2025-09-25,2025-10-17,Enterprise Connectivity,Closed Won,21639.99,6059.2,1,0,22,
O000666,L003461,CU003461,2025-10-05,2025-11-11,Enterprise Connectivity,Closed Lost,29073.05,13955.06,0,1,37,Budget
O000667,L003462,CU003462,2025-09-28,2025-11-07,Remote Access,Closed Lost,13843.19,3876.09,0,1,40,Competitor
O000668,L003485,CU003485,2025-10-09,2025-12-17,Remote Access,Closed Lost,12939.16,4399.31,0,1,69,Competitor
O000669,L003487,CU003487,2025-09-30,2025-12-08,Remote Access,Closed Lost,6066.26,1698.55,0,1,69,No decision
O000670,L003488,CU003488,2025-09-28,2025-11-10,Remote Support,Closed Lost,56544.49,15832.46,0,1,43,Competitor
O000671,L003495,CU003495,2025-10-11,2026-01-30,Remote Support,Closed Lost,7084.15,1983.56,0,1,111,Competitor
O000672,L003496,CU003496,2025-10-01,2025-11-14,Enterprise Connectivity,Closed Lost,5150.54,1442.15,0,1,44,No decision
O000673,L003498,CU003498,2025-10-07,2026-01-26,Security Add-on,Closed Won,15061.82,4217.31,1,0,111,
O000674,L003499,CU003499,2025-10-08,2026-01-29,Remote Access,Closed Lost,39373.66,11024.62,0,1,113,Budget
O000675,L003500,CU003500,2025-10-04,2025-12-31,Enterprise Connectivity,Closed Lost,15461.99,5257.08,0,1,88,No decision
O000676,L003526,CU003526,2025-10-08,2026-01-07,Remote Support,Closed Won,105148.25,29441.51,1,0,91,
O000677,L003528,CU003528,2025-10-05,2026-01-10,Security Add-on,Closed Lost,32907.12,15795.42,0,1,97,Competitor
O000678,L003530,CU003530,2025-10-08,2026-02-01,Remote Support,Closed Lost,11506.76,3221.89,0,1,116,Budget
O000679,L003532,CU003532,2025-10-14,2026-02-02,Remote Access,Closed Lost,58419.97,19862.79,0,1,111,Budget
O000680,L003535,CU003535,2025-10-16,2025-12-31,Security Add-on,Closed Lost,6167.07,1726.78,0,1,76,Budget
O000681,L003536,CU003536,2025-10-08,2025-11-08,Remote Support,Closed Lost,17101.36,4788.38,0,1,31,Budget
O000682,L003541,CU003541,2025-10-14,2026-02-09,Enterprise Connectivity,Closed Lost,17850.06,4998.02,0,1,118,Competitor
O000683,L003543,CU003543,2025-10-11,2025-12-28,Remote Access,Closed Won,10677.65,2989.74,1,0,78,
O000684,L003547,CU003547,2025-10-15,2026-01-17,Remote Access,Closed Won,19165.14,6516.15,1,0,94,
O000685,L003549,CU003549,2025-10-19,2026-01-10,Remote Support,Closed Lost,26443.54,8990.8,0,1,83,Budget
O000686,L003554,CU003554,2025-10-13,2025-12-01,Remote Support,Closed Lost,13867.02,4714.79,0,1,49,Budget
O000687,L003556,CU003556,2025-10-09,2026-01-28,Remote Support,Closed Lost,6133.04,1226.61,0,1,111,Budget
O000688,L003561,CU003561,2025-10-13,2026-02-02,Enterprise Connectivity,Closed Won,72545.91,20312.85,1,0,112,
O000689,L003568,CU003568,2025-10-12,2025-12-27,Enterprise Connectivity,Closed Lost,9237.49,2586.5,0,1,76,Competitor
O000690,L003571,CU003571,2025-10-22,2025-12-23,Enterprise Connectivity,Closed Lost,8198.52,2295.59,0,1,62,No decision
O000691,L003572,CU003572,2025-10-11,2025-11-20,Enterprise Connectivity,Closed Lost,10189.76,2853.13,0,1,40,Budget
O000692,L003576,CU003576,2025-10-13,2025-11-09,Enterprise Connectivity,Closed Lost,17339.81,4855.15,0,1,27,Competitor
O000693,L003582,CU003582,2025-10-22,2025-12-16,Security Add-on,Closed Lost,50947.44,14265.28,0,1,55,Budget
O000694,L003584,CU003584,2025-10-14,2026-01-25,Enterprise Connectivity,Closed Lost,48764.5,9752.9,0,1,103,Timing
O000695,L003592,CU003592,2025-10-20,2025-12-29,Security Add-on,Closed Lost,16115.03,4512.21,0,1,70,Competitor
O000696,L003594,CU003594,2025-10-25,2026-01-10,Security Add-on,Closed Lost,5504.28,1541.2,0,1,77,Budget
O000697,L003599,CU003599,2025-10-27,2026-01-09,Security Add-on,Closed Lost,13261.53,3713.23,0,1,74,Competitor
O000698,L003612,CU003612,2025-10-24,2026-02-06,Remote Support,Closed Lost,4003.91,1121.1,0,1,105,Budget
O000699,L003615,CU003615,2025-11-01,2025-12-28,Remote Support,Closed Lost,6183.78,1731.46,0,1,57,No decision
O000700,L003616,CU003616,2025-10-29,2025-12-19,Enterprise Connectivity,Closed Lost,23616.22,6612.54,0,1,51,Competitor
O000701,L003618,CU003618,2025-11-01,2026-02-04,Remote Access,Closed Lost,22721.11,6361.91,0,1,95,No decision
O000702,L003624,CU003624,2025-10-21,2026-01-18,Remote Access,Closed Won,57999.95,16239.99,1,0,89,
O000703,L003629,CU003629,2025-11-01,2025-11-27,Security Add-on,Closed Won,37663.25,10545.71,1,0,26,
O000704,L003634,CU003634,2025-10-26,2025-12-15,Remote Support,Closed Lost,69249.36,23544.78,0,1,50,No decision
O000705,L003650,CU003650,2025-11-02,2025-11-28,Enterprise Connectivity,Closed Lost,5764.24,1959.84,0,1,26,Budget
O000706,L003659,CU003659,2025-11-07,2026-01-30,Enterprise Connectivity,Closed Lost,14692.46,4113.89,0,1,84,Competitor
O000707,L003661,CU003661,2025-10-28,2026-01-21,Remote Access,Closed Lost,6357.57,1780.12,0,1,85,Timing
O000708,L003662,CU003662,2025-10-27,2026-01-25,Enterprise Connectivity,Closed Won,86087.53,24104.51,1,0,90,
O000709,L003663,CU003663,2025-11-09,2026-02-17,Enterprise Connectivity,Closed Lost,67602.03,18928.57,0,1,100,Timing
O000710,L003674,CU003674,2025-11-05,2026-02-10,Remote Access,Closed Lost,12734.9,3565.77,0,1,97,Timing
O000711,L003675,CU003675,2025-11-05,2025-12-19,Remote Support,Closed Lost,12577.13,3521.6,0,1,44,Timing
O000712,L003676,CU003676,2025-11-11,2026-02-01,Remote Support,Closed Won,73000.77,35040.37,1,0,82,
O000713,L003682,CU003682,2025-11-08,2026-02-28,Remote Support,Closed Won,20433.25,5721.31,1,0,112,
O000714,L003689,CU003689,2025-11-13,2026-02-15,Remote Support,Closed Lost,23213.51,6499.78,0,1,94,Timing
O000715,L003701,CU003701,2025-11-03,2026-01-04,Security Add-on,Closed Lost,82731.5,23164.82,0,1,62,No decision
O000716,L003711,CU003711,2025-11-09,2025-12-23,Security Add-on,Closed Won,55223.72,15462.64,1,0,44,
O000717,L003714,CU003714,2025-11-12,2026-02-03,Remote Access,Closed Lost,39121.38,13301.27,0,1,83,Budget
O000718,L003716,CU003716,2025-11-08,2026-01-12,Security Add-on,Closed Lost,9374.79,1874.96,0,1,65,No decision
O000719,L003718,CU003718,2025-11-08,2026-01-21,Remote Support,Closed Lost,13997.95,3919.43,0,1,74,Timing
O000720,L003719,CU003719,2025-11-10,2026-02-06,Enterprise Connectivity,Closed Won,71450.26,20006.07,1,0,88,
O000721,L003721,CU003721,2025-11-16,2025-12-23,Remote Support,Closed Lost,13579.93,3802.38,0,1,37,No decision
O000722,L003724,CU003724,2025-11-10,2026-02-17,Remote Support,Closed Won,11812.04,3307.37,1,0,99,
O000723,L003726,CU003726,2025-11-09,2025-12-18,Security Add-on,Closed Lost,67111.2,18791.14,0,1,39,No decision
O000724,L003748,CU003748,2025-11-23,2025-12-14,Remote Access,Closed Won,14414.89,4036.17,1,0,21,
O000725,L003750,CU003750,2025-11-19,2026-01-20,Security Add-on,Closed Lost,14430.54,4040.55,0,1,62,Timing
O000726,L003751,CU003751,2025-11-19,2025-12-17,Remote Access,Closed Won,6025.68,2048.73,1,0,28,
O000727,L003752,CU003752,2025-11-14,2026-01-18,Remote Support,Closed Lost,16077.61,4501.73,0,1,65,Budget
O000728,L003759,CU003759,2025-11-24,2026-02-01,Security Add-on,Closed Won,5664.5,1586.06,1,0,69,
O000729,L003774,CU003774,2025-11-14,2026-02-07,Remote Support,Closed Won,90606.91,38054.9,1,0,85,
O000730,L003777,CU003777,2025-11-22,2026-02-26,Security Add-on,Closed Lost,56006.13,26882.94,0,1,96,No decision
O000731,L003780,CU003780,2025-11-22,2025-12-13,Remote Support,Closed Lost,24676.87,6909.52,0,1,21,Budget
O000732,L003797,CU003797,2025-11-27,2026-02-27,Security Add-on,Closed Lost,68301.97,19124.55,0,1,92,No decision
O000733,L003798,CU003798,2025-11-28,2026-02-12,Enterprise Connectivity,Closed Won,13414.51,3756.06,1,0,76,
O000734,L003804,CU003804,2025-11-28,2026-03-22,Enterprise Connectivity,Closed Lost,30566.82,10392.72,0,1,114,Competitor
O000735,L003813,CU003813,2025-12-02,2026-02-27,Remote Access,Closed Won,7688.8,2152.86,1,0,87,
O000736,L003825,CU003825,2025-12-06,2026-01-13,Security Add-on,Closed Won,18207.26,6190.47,1,0,38,
O000737,L003827,CU003827,2025-11-24,2025-12-31,Remote Access,Closed Won,13693.25,4655.71,1,0,37,
O000738,L003829,CU003829,2025-12-04,2025-12-28,Security Add-on,Closed Lost,12592.22,5288.73,0,1,24,Competitor
O000739,L003833,CU003833,2025-11-25,2026-01-30,Remote Access,Closed Lost,39281.9,10998.93,0,1,66,Competitor
O000740,L003840,CU003840,2025-12-01,2026-01-29,Remote Access,Closed Lost,14375.79,4025.22,0,1,59,Competitor
O000741,L003843,CU003843,2025-12-04,2026-03-16,Remote Support,Closed Lost,6151.25,2091.42,0,1,102,No decision
O000742,L003849,CU003849,2025-12-08,2026-01-08,Remote Support,Closed Lost,4836.63,1354.26,0,1,31,No decision
O000743,L003854,CU003854,2025-12-09,2026-04-01,Security Add-on,Closed Won,37125.37,17820.18,1,0,113,
O000744,L003861,CU003861,2025-12-11,2026-01-05,Remote Access,Closed Won,4713.82,1319.87,1,0,25,
O000745,L003867,CU003867,2025-11-29,2026-03-07,Security Add-on,Closed Lost,11204.53,3137.27,0,1,98,No decision
O000746,L003875,CU003875,2025-12-04,2026-02-21,Remote Support,Closed Lost,17696.48,4955.01,0,1,79,Competitor
O000747,L003877,CU003877,2025-12-05,2026-03-05,Enterprise Connectivity,Closed Won,45874.84,12844.96,1,0,90,
O000748,L003889,CU003889,2025-12-17,2026-04-06,Enterprise Connectivity,Closed Lost,24717.11,6920.79,0,1,110,No decision
O000749,L003890,CU003890,2025-12-14,2026-03-13,Security Add-on,Closed Lost,18963.35,5309.74,0,1,89,No decision
O000750,L003896,CU003896,2025-12-22,2026-04-10,Security Add-on,Closed Lost,3195.91,894.85,0,1,109,No decision
O000751,L003899,CU003899,2025-12-14,2026-03-04,Remote Support,Closed Lost,15032.45,5111.03,0,1,80,Competitor
O000752,L003905,CU003905,2025-12-18,2026-04-01,Security Add-on,Closed Lost,24790.11,6941.23,0,1,104,Timing
O000753,L003908,CU003908,2025-12-17,2026-04-07,Enterprise Connectivity,Closed Won,13127.44,5513.52,1,0,111,
O000754,L003914,CU003914,2025-12-20,2026-03-27,Remote Access,Closed Won,67549.86,18913.96,1,0,97,
O000755,L003919,CU003919,2025-12-27,2026-04-05,Security Add-on,Closed Won,13211.88,4492.04,1,0,99,
O000756,L003922,CU003922,2025-12-18,2026-04-04,Enterprise Connectivity,Closed Lost,32411.87,9075.32,0,1,107,Timing
O000757,L003923,CU003923,2025-12-20,2026-03-31,Enterprise Connectivity,Closed Lost,85311.96,23887.35,0,1,101,No decision
O000758,L003931,CU003931,2025-12-19,2026-03-06,Security Add-on,Closed Lost,18330.86,5132.64,0,1,77,Timing
O000759,L003940,CU003940,2025-12-30,2026-04-19,Security Add-on,Closed Won,11742.38,3287.87,1,0,110,
O000760,L003956,CU003956,2026-01-03,2026-02-08,Security Add-on,Closed Lost,40429.58,11320.28,0,1,36,No decision
O000761,L003957,CU003957,2025-12-28,2026-03-18,Security Add-on,Closed Lost,20335.41,5693.92,0,1,80,Timing
O000762,L003960,CU003960,2025-12-30,2026-03-03,Enterprise Connectivity,Closed Lost,3463.58,692.72,0,1,63,Budget
O000763,L003966,CU003966,2026-01-02,2026-04-03,Enterprise Connectivity,Closed Won,23123.56,9711.9,1,0,91,
O000764,L003970,CU003970,2026-01-02,2026-03-18,Enterprise Connectivity,Closed Lost,12578.14,3521.88,0,1,75,Timing
O000765,L003987,CU003987,2026-01-12,2026-02-25,Security Add-on,Closed Lost,3924.32,1098.81,0,1,44,No decision
O000766,L003989,CU003989,2026-01-04,2026-03-08,Security Add-on,Closed Won,6396.57,1791.04,1,0,63,
